"","Code_CIP_CCAM_LPP_NABM","Lib_code","Lib_ATC","Code_affine","MedName","Dose","Unit","PerDose","Form","PackCont","FormUnit"
"1","3400930000649","A313 50 000 UI CAPSULE 1/30 CAPSU","RETINOL (VIT A)","A11CA01","A313","50000","UI","1","forme orale","1/30","CAPS"
"2","3400926883775","AC ZOLEDRONIQUE TVP 5 MG INJ 1/100 ML","ZOLEDRONIQUE ACIDE","M05BA08","AC ZOLEDRONIQUE TVP","5","MG","1","injectable","1/100","ML"
"3","3400934605703","ACICLOVIR MYL 200MG CPR 5/5 COMPRI","ACICLOVIR","J05AB01","ACICLOVIR MYL","200","MG","1","forme orale","5/5","COMPR"
"4","3400937949637","ACICLOVIR ZEN 800MG CPR 5/7 COMPRI","ACICLOVIR","J05AB01","ACICLOVIR ZEN","800","MG","1","forme orale","5/7","COMPR"
"5","3400922334585","ACIDE URSODESOX BGA 250MG CPR 1/20 COMPR","URSODESOXYCHOLIQUE ACIDE","A05AA02","ACIDE URSODESOX BGA","250","MG","1","forme orale","1/20","COMPR"
"6","3400922333984","ACIDE URSODESOX MYL 250MG CPR 1/20 COMPR","URSODESOXYCHOLIQUE ACIDE","A05AA02","ACIDE URSODESOX MYL","250","MG","1","forme orale","1/20","COMPR"
"7","3400922334295","ACIDE URSODESOX TVC 250MG CPR 1/20 COMPR","URSODESOXYCHOLIQUE ACIDE","A05AA02","ACIDE URSODESOX TVC","250","MG","1","forme orale","1/20","COMPR"
"8","3400936587113","ACLASTA 5 MG SOL INJ FL 1/100 ML","ZOLEDRONIQUE ACIDE","M05BA08","ACLASTA","5","MG","1","injectable","1/100","ML"
"9","3400934060335","AIROMIR AUTOHALER 100 MICROG SUSP 1/200 DOSE","SALBUTAMOL","R03AC02","AIROMIR AUTOHALER","100","MICROG","1","doseur inhal","1/200","DOSE"
"10","3400937436069","ALENDRONIQUE ACIDE MYL 70MG CPR 1/4 COMPRI","ALENDRONIQUE ACIDE","M05BA04","ALENDRONIQUE ACIDE MYL","70","MG","1","forme orale","1/4","COMPR"
"11","3400932456246","ALFATIL 250MG/5ML PDR ORALE FL 1/60 ML","CEFACLOR","J01DC04","ALFATIL","250","MG","5","forme orale","1/60","ML"
"12","3400933575991","ALFATIL LP 500MG CPR 1/8 COMPRI","CEFACLOR","J01DC04","ALFATIL LP","500","MG","1","forme orale","1/8","COMPR"
"13","3400936058965","ALGINATE BICAR SODIUM BGA BUV FL 1/250 ML","ALGINIQUE ACIDE","A02BX13","ALGINATE BICAR SODIUM BGA BUV FL","1","","1",NA,"1/250","ML"
"14","3400936133709","ALGINATE BICAR SODIUM BGA SACHET 24/10 ML","ALGINIQUE ACIDE","A02BX13","ALGINATE BICAR SODIUM BGA SACHET","24","","1",NA,"24/10","ML"
"15","3400927909924","ALGINATE BICAR SODIUM MYL SACHET 24/10 ML","ALGINIQUE ACIDE","A02BX13","ALGINATE BICAR SODIUM MYL SACHET","24","","1",NA,"24/10","ML"
"16","3400927927034","ALGINATE BICAR SODIUM SDZ SACHET 24/10 ML","ALGINIQUE ACIDE","A02BX13","ALGINATE BICAR SODIUM SDZ SACHET","24","","1",NA,"24/10","ML"
"17","3400927927492","ALGINATE BICAR SODIUM ZEN SUSP BUV 24/10 ML","ALGINIQUE ACIDE","A02BX13","ALGINATE BICAR SODIUM ZEN SUSP BUV","24","","1",NA,"24/10","ML"
"18","9222222","AMIKACINE","AMIKACINE","J01GB06","AMIKACINE","1000","MG","1","injectable",NA,NA
"19","3400935948854","AMOX/AC CLAV ALM 100MG/12.5MG/ML ENF 1/60 ML","AMOXICILLINE ET INHIBITEUR D'ENZYME","J01CR02","AMOX/AC CLAV ALM","100","MG","1","forme orale","1/60","ML"
"20","3400936061637","AMOX/AC CLAV ALM 500MG/62.5MG AD CPR 2/8 COMPRI","AMOXICILLINE ET INHIBITEUR D'ENZYME","J01CR02","AMOX/AC CLAV ALM","500","MG","1","forme orale","2/8","COMPR"
"21","3400936061866","AMOX/AC CLAV ALM 500MG/62.5MG AD CPR 3/8 COMPRI","AMOXICILLINE ET INHIBITEUR D'ENZYME","J01CR02","AMOX/AC CLAV ALM","500","MG","1","forme orale","3/8","COMPR"
"22","3400937736596","AMOX/AC CLAV ALT 1G/125MG AD SACH 12/1.566 G","AMOXICILLINE ET INHIBITEUR D'ENZYME","J01CR02","AMOX/AC CLAV ALT","1000","MG","1","forme orale","12/1.566","G"
"23","3400935948335","AMOX/AC CLAV ARW 100MG/12.5MG/ML ENF 1/60 ML","AMOXICILLINE ET INHIBITEUR D'ENZYME","J01CR02","AMOX/AC CLAV ARW","100","MG","1","forme orale","1/60","ML"
"24","3400936380745","AMOX/AC CLAV ARW 1G/125MG AD SACH 12/1.566 G","AMOXICILLINE ET INHIBITEUR D'ENZYME","J01CR02","AMOX/AC CLAV ARW","1000","MG","1","forme orale","12/1.566","G"
"25","3400936380684","AMOX/AC CLAV ARW 1G/125MG AD SACH 8/1.566 G","AMOXICILLINE ET INHIBITEUR D'ENZYME","J01CR02","AMOX/AC CLAV ARW","1000","MG","1","forme orale","8/1.566","G"
"26","3400936562738","AMOX/AC CLAV ARW 500MG/62.5MG AD CPR 2/8 COMPRI","AMOXICILLINE ET INHIBITEUR D'ENZYME","J01CR02","AMOX/AC CLAV ARW","500","MG","1","forme orale","2/8","COMPR"
"27","3400936562967","AMOX/AC CLAV ARW 500MG/62.5MG AD CPR 3/8 COMPRI","AMOXICILLINE ET INHIBITEUR D'ENZYME","J01CR02","AMOX/AC CLAV ARW","500","MG","1","forme orale","3/8","COMPR"
"28","3400935355690","AMOX/AC CLAV BGA 100MG/12.5MG/ML ENF 1/60 ML","AMOXICILLINE ET INHIBITEUR D'ENZYME","J01CR02","AMOX/AC CLAV BGA","100","MG","1","forme orale","1/60","ML"
"29","3400935355522","AMOX/AC CLAV BGA 100MG/12.5MG/ML NR 1/30 ML","AMOXICILLINE ET INHIBITEUR D'ENZYME","J01CR02","AMOX/AC CLAV BGA","100","MG","1","forme orale","1/30","ML"
"30","3400935335012","AMOX/AC CLAV BGA 1G/125MG AD SACH 12/1.566 G","AMOXICILLINE ET INHIBITEUR D'ENZYME","J01CR02","AMOX/AC CLAV BGA","1000","MG","1","forme orale","12/1.566","G"
"31","3400935335241","AMOX/AC CLAV BGA 500MG/62.5MG AD CPR 2/8 COMPRI","AMOXICILLINE ET INHIBITEUR D'ENZYME","J01CR02","AMOX/AC CLAV BGA","500","MG","1","forme orale","2/8","COMPR"
"32","3400935335470","AMOX/AC CLAV BGA 500MG/62.5MG AD CPR 3/8 COMPRI","AMOXICILLINE ET INHIBITEUR D'ENZYME","J01CR02","AMOX/AC CLAV BGA","500","MG","1","forme orale","3/8","COMPR"
"33","3400937501446","AMOX/AC CLAV CRT 500MG/62.5MG AD CPR 1/16 COMPR","AMOXICILLINE ET INHIBITEUR D'ENZYME","J01CR02","AMOX/AC CLAV CRT","500","MG","1","forme orale","1/16","COMPR"
"34","3400937501507","AMOX/AC CLAV CRT 500MG/62.5MG AD CPR 1/24 COMPR","AMOXICILLINE ET INHIBITEUR D'ENZYME","J01CR02","AMOX/AC CLAV CRT","500","MG","1","forme orale","1/24","COMPR"
"35","3400938682595","AMOX/AC CLAV EG 100/12.5MG/ML  FL NR 1/30 ML","AMOXICILLINE ET INHIBITEUR D'ENZYME","J01CR02","AMOX/AC CLAV EG","100","MG","1",NA,"1/30","ML"
"36","3400936708181","AMOX/AC CLAV EG 1G/125MG PDR 12/1.566 G","AMOXICILLINE ET INHIBITEUR D'ENZYME","J01CR02","AMOX/AC CLAV EG","1000","MG","1","forme orale","12/1.566","G"
"37","3400936683075","AMOX/AC CLAV EG 500/62.5MG AD CPR 1/16 COMPR","AMOXICILLINE ET INHIBITEUR D'ENZYME","J01CR02","AMOX/AC CLAV EG","500","MG","1","forme orale","1/16","COMPR"
"38","3400936683136","AMOX/AC CLAV EG 500/62.5MG AD CPR 1/24 COMPR","AMOXICILLINE ET INHIBITEUR D'ENZYME","J01CR02","AMOX/AC CLAV EG","500","MG","1","forme orale","1/24","COMPR"
"39","3400938698046","AMOX/AC CLAV EGL 100MG/12.5MG/ML ENF 1/60 ML","AMOXICILLINE ET INHIBITEUR D'ENZYME","J01CR02","AMOX/AC CLAV EGL","100","MG","1","forme orale","1/60","ML"
"40","3400935948625","AMOX/AC CLAV MYL 100MG/12.5MG/ML ENF 1/60 ML","AMOXICILLINE ET INHIBITEUR D'ENZYME","J01CR02","AMOX/AC CLAV MYL","100","MG","1","forme orale","1/60","ML"
"41","3400935948564","AMOX/AC CLAV MYL 100MG/12.5MG/ML NR 1/30 ML","AMOXICILLINE ET INHIBITEUR D'ENZYME","J01CR02","AMOX/AC CLAV MYL","100","MG","1","forme orale","1/30","ML"
"42","3400936562387","AMOX/AC CLAV MYL 1G/125MG AD SACH 12/1.566 G","AMOXICILLINE ET INHIBITEUR D'ENZYME","J01CR02","AMOX/AC CLAV MYL","1000","MG","1","forme orale","12/1.566","G"
"43","3400936562219","AMOX/AC CLAV MYL 1G/125MG AD SACH 8/1.566 G","AMOXICILLINE ET INHIBITEUR D'ENZYME","J01CR02","AMOX/AC CLAV MYL","1000","MG","1","forme orale","8/1.566","G"
"44","3400936087941","AMOX/AC CLAV MYL 500MG/62.5MG AD CPR 2/8 COMPRI","AMOXICILLINE ET INHIBITEUR D'ENZYME","J01CR02","AMOX/AC CLAV MYL","500","MG","1","forme orale","2/8","COMPR"
"45","3400936088023","AMOX/AC CLAV MYL 500MG/62.5MG AD CPR 3/8 COMPRI","AMOXICILLINE ET INHIBITEUR D'ENZYME","J01CR02","AMOX/AC CLAV MYL","500","MG","1","forme orale","3/8","COMPR"
"46","3400936803435","AMOX/AC CLAV RBX 100/12.5 MG/ML 1/60 ML","AMOXICILLINE ET INHIBITEUR D'ENZYME","J01CR02","AMOX/AC CLAV RBX","100"," MG","1","forme orale","100/12.5","MG"
"47","3400936803374","AMOX/AC CLAV RBX 100/12.5MG/ML   1/60 ML","AMOXICILLINE ET INHIBITEUR D'ENZYME","J01CR02","AMOX/AC CLAV RBX","100","MG","1",NA,"1/60","ML"
"48","3400936732483","AMOX/AC CLAV RBX 500MG/62.5 AD CPR 1/24 COMPR","AMOXICILLINE ET INHIBITEUR D'ENZYME","J01CR02","AMOX/AC CLAV RBX","500","MG","1","forme orale","1/24","COMPR"
"49","3400935949165","AMOX/AC CLAV SDZ 100MG/12.5MG/ML ENF 1/60 ML","AMOXICILLINE ET INHIBITEUR D'ENZYME","J01CR02","AMOX/AC CLAV SDZ","100","MG","1","forme orale","1/60","ML"
"50","3400935948915","AMOX/AC CLAV SDZ 100MG/12.5MG/ML NR 1/30 ML","AMOXICILLINE ET INHIBITEUR D'ENZYME","J01CR02","AMOX/AC CLAV SDZ","100","MG","1","forme orale","1/30","ML"
"51","3400936563339","AMOX/AC CLAV SDZ 1G/125MG AD SACH 12/1.566 G","AMOXICILLINE ET INHIBITEUR D'ENZYME","J01CR02","AMOX/AC CLAV SDZ","1000","MG","1","forme orale","12/1.566","G"
"52","3400936563278","AMOX/AC CLAV SDZ 1G/125MG AD SACH 8/1.566 G","AMOXICILLINE ET INHIBITEUR D'ENZYME","J01CR02","AMOX/AC CLAV SDZ","1000","MG","1","forme orale","8/1.566","G"
"53","3400936089082","AMOX/AC CLAV SDZ 500MG/62.5MG AD CPR 1/16 COMPR","AMOXICILLINE ET INHIBITEUR D'ENZYME","J01CR02","AMOX/AC CLAV SDZ","500","MG","1","forme orale","1/16","COMPR"
"54","3400936089143","AMOX/AC CLAV SDZ 500MG/62.5MG AD CPR 3/8 COMPRI","AMOXICILLINE ET INHIBITEUR D'ENZYME","J01CR02","AMOX/AC CLAV SDZ","500","MG","1","forme orale","3/8","COMPR"
"55","3400937541596","AMOX/AC CLAV TVS 100MG/12.5MG ENF 1/60 ML","AMOXICILLINE ET INHIBITEUR D'ENZYME","J01CR02","AMOX/AC CLAV TVS","100","MG","1","forme orale","1/60","ML"
"56","3400937541657","AMOX/AC CLAV TVS 100MG/12.5MG/ML NR 1/30 ML","AMOXICILLINE ET INHIBITEUR D'ENZYME","J01CR02","AMOX/AC CLAV TVS","100","MG","1","forme orale","1/30","ML"
"57","3400937540827","AMOX/AC CLAV TVS 500/62.5MG CPR AD 1/16 COMPR","AMOXICILLINE ET INHIBITEUR D'ENZYME","J01CR02","AMOX/AC CLAV TVS","500","MG","1","forme orale","1/16","COMPR"
"58","3400937540995","AMOX/AC CLAV TVS 500/62.5MG CPR AD 1/24 COMPR","AMOXICILLINE ET INHIBITEUR D'ENZYME","J01CR02","AMOX/AC CLAV TVS","500","MG","1","forme orale","1/24","COMPR"
"59","3400937428606","AMOX/AC CLAV ZEN 500/62.5 CPR  2/8 COMPRI","AMOXICILLINE ET INHIBITEUR D'ENZYME","J01CR02","AMOX/AC CLAV ZEN","500"," CPR","1","forme orale","500/62.5","COMPR"
"60","3400937910835","AMOX/AC CLAV ZEN100MG/12.5MG  1/30 ML","AMOXICILLINE ET INHIBITEUR D'ENZYME","J01CR02","AMOX/AC CLAV","12.5","MG","1",NA,"1/30","ML"
"61","3400937911085","AMOX/AC CLAV ZEN100MG/12.5MG/ML  1/60 ML","AMOXICILLINE ET INHIBITEUR D'ENZYME","J01CR02","AMOX/AC CLAV","12.5","MG","1",NA,"1/60","ML"
"62","3400933295226","AMOX/AC CLAV ZTL 100/12.5MG/ML PDR 1/30 ML","AMOXICILLINE ET INHIBITEUR D'ENZYME","J01CR02","AMOX/AC CLAV ZTL","100","MG","1","forme orale","1/30","ML"
"63","3400935355751","AMOX/AC CLAV ZTL 100MG/12.5 ENF 1/60 ML","AMOXICILLINE ET INHIBITEUR D'ENZYME","J01CR02","AMOX/AC CLAV ZTL","100","MG","1","forme orale","1/60","ML"
"64","3400935337542","AMOX/AC CLAV ZTL 500MG/62.5MG 1/16 COMPR","AMOXICILLINE ET INHIBITEUR D'ENZYME","J01CR02","AMOX/AC CLAV ZTL","500","MG","1","forme orale","1/16","COMPR"
"65","3400935337771","AMOX/AC CLAV ZTL 500MG/62.5MG 1/24 COMPR","AMOXICILLINE ET INHIBITEUR D'ENZYME","J01CR02","AMOX/AC CLAV ZTL","500","MG","1","forme orale","1/24","COMPR"
"66","3400937910194","AMOX/AC CLAV ZYD 100/12.5MG/ML  1/30 ML","AMOXICILLINE ET INHIBITEUR D'ENZYME","J01CR02","AMOX/AC CLAV ZYD","100","MG","1",NA,"1/30","ML"
"67","3400937910316","AMOX/AC CLAV ZYD 500MG/62.5MG A  2/8 COMPRI","AMOXICILLINE ET INHIBITEUR D'ENZYME","J01CR02","AMOX/AC CLAV ZYD","500","MG","1","forme orale","2/8","COMPR"
"68","3400937910545","AMOX/AC CLAV ZYD 500MG/62.5MG A  3/8 COMPRI","AMOXICILLINE ET INHIBITEUR D'ENZYME","J01CR02","AMOX/AC CLAV ZYD","500","MG","1","forme orale","3/8","COMPR"
"69","3400936100701","AMOX/AC CLAV ZYF 500MG/62.5MG 1/24 COMPR","AMOXICILLINE ET INHIBITEUR D'ENZYME","J01CR02","AMOX/AC CLAV ZYF","500","MG","1","forme orale","1/24","COMPR"
"70","3400935979841","AMOXICILLINE ARW 1G CPR DISP 2/7 COMPRI","AMOXICILLINE","J01CA04","AMOXICILLINE ARW","1000","MG","1","forme orale","2/7","COMPR"
"71","3400935765802","AMOXICILLINE ARW 250MG/5ML PDR FL 1/60 ML","AMOXICILLINE","J01CA04","AMOXICILLINE ARW","250","MG","5","forme orale","1/60","ML"
"72","3400933858681","AMOXICILLINE BGA 125MG/5ML PDR 1/60 ML","AMOXICILLINE","J01CA04","AMOXICILLINE BGA","125","MG","5","forme orale","1/60","ML"
"73","3400933858803","AMOXICILLINE BGA 250MG/5ML PDR 1/60 ML","AMOXICILLINE","J01CA04","AMOXICILLINE BGA","250","MG","5","forme orale","1/60","ML"
"74","3400933857042","AMOXICILLINE BGA 500MG GELULE 1/12 GELUL","AMOXICILLINE","J01CA04","AMOXICILLINE BGA","500","MG","1","forme orale","1/12","GELUL"
"75","3400933859053","AMOXICILLINE BGA 500MG/5ML PDR 1/60 ML","AMOXICILLINE","J01CA04","AMOXICILLINE BGA","500","MG","5","forme orale","1/60","ML"
"76","3400935325594","AMOXICILLINE EG 250MG/5ML PDR FL 1/60 ML","AMOXICILLINE","J01CA04","AMOXICILLINE EG","250","MG","5","forme orale","1/60","ML"
"77","3400935186836","AMOXICILLINE EG 500MG GELULE 1/12 GELUL","AMOXICILLINE","J01CA04","AMOXICILLINE EG","500","MG","1","forme orale","1/12","GELUL"
"78","3400935334640","AMOXICILLINE EG 500MG/5ML PDR FL 1/60 ML","AMOXICILLINE","J01CA04","AMOXICILLINE EG","500","MG","5","forme orale","1/60","ML"
"79","3400935684516","AMOXICILLINE MYL 1G CPR DISP 1/6 COMPRI","AMOXICILLINE","J01CA04","AMOXICILLINE MYL","1000","MG","1","forme orale","1/6","COMPR"
"80","3400935684684","AMOXICILLINE MYL 1G CPR DISP 2/7 COMPRI","AMOXICILLINE","J01CA04","AMOXICILLINE MYL","1000","MG","1","forme orale","2/7","COMPR"
"81","3400933930691","AMOXICILLINE MYL 250MG/5ML PDR  1/60 ML","AMOXICILLINE","J01CA04","AMOXICILLINE MYL","250","MG","5",NA,"1/60","ML"
"82","3400934303043","AMOXICILLINE MYL 500MG GELULE  1/12 GELUL","AMOXICILLINE","J01CA04","AMOXICILLINE MYL","500","MG","1","forme orale","1/12","GELUL"
"83","3400933930752","AMOXICILLINE MYL 500MG/5ML PDR FL 1/60 ML","AMOXICILLINE","J01CA04","AMOXICILLINE MYL","500","MG","5","forme orale","1/60","ML"
"84","3400935252005","AMOXICILLINE MYP 125MG/5ML PDR 1/60 ML","AMOXICILLINE","J01CA04","AMOXICILLINE MYP","125","MG","5","forme orale","1/60","ML"
"85","3400935251923","AMOXICILLINE MYP 250MG/5ML FL 1/60 ML","AMOXICILLINE","J01CA04","AMOXICILLINE MYP","250","MG","5","forme orale","1/60","ML"
"86","3400934913174","AMOXICILLINE MYP 500 MG GELULE 1/12 GELUL","AMOXICILLINE","J01CA04","AMOXICILLINE MYP","500","MG","1","forme orale","1/12","GELUL"
"87","3400935251862","AMOXICILLINE MYP 500 MG/5 ML FL 1/60 ML","AMOXICILLINE","J01CA04","AMOXICILLINE MYP","500","MG","5","forme orale","1/60","ML"
"88","3400936035904","AMOXICILLINE RATIO 250MG/5ML PDR FL 1/60 ML","AMOXICILLINE","J01CA04","AMOXICILLINE RATIO","250","MG","5","forme orale","1/60","ML"
"89","3400938443363","AMOXICILLINE RBX 1G CPR DISP 1/6 COMPRI","AMOXICILLINE","J01CA04","AMOXICILLINE RBX","1000","MG","1","forme orale","1/6","COMPR"
"90","3400936036093","AMOXICILLINE RTP 500MG/5ML PDR FL 1/60 ML","AMOXICILLINE","J01CA04","AMOXICILLINE RTP","500","MG","5","forme orale","1/60","ML"
"91","3400939207872","AMOXICILLINE SDZ 1G CPR DISP 1/14 COMPR","AMOXICILLINE","J01CA04","AMOXICILLINE SDZ","1000","MG","1","forme orale","1/14","COMPR"
"92","3400936582439","AMOXICILLINE SDZ 250MG/5ML PDR FL 1/60 ML","AMOXICILLINE","J01CA04","AMOXICILLINE SDZ","250","MG","5","forme orale","1/60","ML"
"93","3400936796010","AMOXICILLINE SDZ 500MG GELULE 1/12 GELUL","AMOXICILLINE","J01CA04","AMOXICILLINE SDZ","500","MG","1","forme orale","1/12","GELUL"
"94","3400936665736","AMOXICILLINE SDZ 500MG/5ML PDR FL 1/60 ML","AMOXICILLINE","J01CA04","AMOXICILLINE SDZ","500","MG","5","forme orale","1/60","ML"
"95","3400936112018","AMOXICILLINE TEVA 1G CPR DISP  1/14 COMPR","AMOXICILLINE","J01CA04","AMOXICILLINE TEVA","1000","MG","1","forme orale","1/14","COMPR"
"96","3400936111936","AMOXICILLINE TEVA 1G CPR DISP  1/6 COMPRI","AMOXICILLINE","J01CA04","AMOXICILLINE TEVA","1000","MG","1","forme orale","1/6","COMPR"
"97","3400936112766","AMOXICILLINE TVC 500MG GELULE 1/12 GELUL","AMOXICILLINE","J01CA04","AMOXICILLINE TVC","500","MG","1","forme orale","1/12","GELUL"
"98","3400936736276","AMOXICILLINE ZEN 500MG BUV 60ML 1/60 ML","AMOXICILLINE","J01CA04","AMOXICILLINE ZEN","500","MG","1","forme orale","1/60","ML"
"99","3400936736337","AMOXICILLINE ZTV 500MG GELULE 1/12 GELUL","AMOXICILLINE","J01CA04","AMOXICILLINE ZTV","500","MG","1","forme orale","1/12","GELUL"
"100","3400935252173","AMOXICILLINE ZYD 500MG/5ML PDR FL 1/60 ML","AMOXICILLINE","J01CA04","AMOXICILLINE ZYD","500","MG","5","forme orale","1/60","ML"
"101","3400937722001","APIDRA 300 U/3 ML SOL INJ SOLOSTAR 5/3 ML","INSULINE GLULISINE","A10AB06","APIDRA","300","UI","3","injectable","5/3","ML"
"102","3400935924551","ASMANEX TWISTHALER 400Y 30DOSES PDR 1/30 DOSE(","MOMETASONE","R03BA07","ASMANEX TWISTHALER","400","Y","1","doseur inhal","1/30","DOSE"
"103","3400937672689","ASMELOR NOVOLIZ 12 MICROG/DOSE INH 1/60 DOSE(","FORMOTEROL","R03AC13","ASMELOR NOVOLIZ","12","MICROG","1","doseur inhal","1/60","DOSE"
"104","3400936573154","ATROVENT 0.25MG/2ML ENF SOL INHAL 10/2 ML","IPRATROPIUM BROMURE","R03BB01","ATROVENT","0.25","MG","2","nebulisateur","10/2","ML"
"105","3400936580947","ATROVENT 0.5MG/1ML AD SOL INHAL 30/1 ML","IPRATROPIUM BROMURE","R03BB01","ATROVENT","0.5","MG","1","nebulisateur","30/1","ML"
"106","3400936573093","ATROVENT 0.5MG/2ML AD SOL INHAL 10/2 ML","IPRATROPIUM BROMURE","R03BB01","ATROVENT","0.5","MG","2","nebulisateur","10/2","ML"
"107","3400934392511","AUGMENTIN 100 MG/12.5 MG/ML ENF PDR 1/60 ML","AMOXICILLINE ET INHIBITEUR D'ENZYME","J01CR02","AUGMENTIN","100","MG","1","forme orale","1/60","ML"
"108","3400934451164","AUGMENTIN 1G/125MG AD PDR ORALE SACH 12/1.566 G","AMOXICILLINE ET INHIBITEUR D'ENZYME","J01CR02","AUGMENTIN","1000","MG","1","forme orale","12/1.566","G"
"109","3400934450853","AUGMENTIN 1G/125MG AD PDR ORALE SACH 8/1.566 G","AMOXICILLINE ET INHIBITEUR D'ENZYME","J01CR02","AUGMENTIN","1000","MG","1","forme orale","8/1.566","G"
"110","3400935337023","AUGMENTIN 500 MG/62.5 MG AD CPR 2/8 COMPRI","AMOXICILLINE ET INHIBITEUR D'ENZYME","J01CR02","AUGMENTIN","500","MG","1","forme orale","2/8","COMPR"
"111","3400935337252","AUGMENTIN 500 MG/62.5 MG AD CPR 3/8 COMPRI","AMOXICILLINE ET INHIBITEUR D'ENZYME","J01CR02","AUGMENTIN","500","MG","1","forme orale","3/8","COMPR"
"112","3400935451316","AZATHIOPRINE MYL 50MG CPR 1/100 COMP","AZATHIOPRINE","L04AX01","AZATHIOPRINE MYL","50","MG","1","forme orale","1/100","COMPR"
"113","3400938213874","AZITHROMYCINE ARW 250MG CPR 1/6 COMPRI","AZITHROMYCINE","J01FA10","AZITHROMYCINE ARW","250","MG","1","forme orale","1/6","COMPR"
"114","3400927646584","AZITHROMYCINE BGA 250MG CPR 1/6 COMPRI","AZITHROMYCINE","J01FA10","AZITHROMYCINE BGA","250","MG","1","forme orale","1/6","COMPR"
"115","3400937834162","AZITHROMYCINE BGA 250MG CPR 1/6 COMPRI","AZITHROMYCINE","J01FA10","AZITHROMYCINE BGA","250","MG","1","forme orale","1/6","COMPR"
"116","3400939500966","AZITHROMYCINE CRT 250MG CPR 1/6 COMPRI","AZITHROMYCINE","J01FA10","AZITHROMYCINE CRT","250","MG","1","forme orale","1/6","COMPR"
"117","3400937945493","AZITHROMYCINE EG 250MG CPR 1/6 COMPRI","AZITHROMYCINE","J01FA10","AZITHROMYCINE EG","250","MG","1","forme orale","1/6","COMPR"
"118","3400927848339","AZITHROMYCINE KRK 250MG CPR 1/6 COMPRI","AZITHROMYCINE","J01FA10","AZITHROMYCINE KRK","250","MG","1","forme orale","1/6","COMPR"
"119","3400937945783","AZITHROMYCINE MYL 250MG CPR 1/6 COMPRI","AZITHROMYCINE","J01FA10","AZITHROMYCINE MYL","250","MG","1","forme orale","1/6","COMPR"
"120","3400935177551","AZITHROMYCINE PFZ 250MG CPR 1/6 COMPRI","AZITHROMYCINE","J01FA10","AZITHROMYCINE PFZ","250","MG","1","forme orale","1/6","COMPR"
"121","3400938025569","AZITHROMYCINE RBX 250MG CPR 1/6 COMPRI","AZITHROMYCINE","J01FA10","AZITHROMYCINE RBX","250","MG","1","forme orale","1/6","COMPR"
"122","3400937935388","AZITHROMYCINE SDZ 250MG CPR 1/6 COMPRI","AZITHROMYCINE","J01FA10","AZITHROMYCINE SDZ","250","MG","1","forme orale","1/6","COMPR"
"123","3400938762822","AZITHROMYCINE SDZ MONODOSE 250MG CPR 1/4 COMPRI","AZITHROMYCINE","J01FA10","AZITHROMYCINE SDZ MONODOSE","250","MG","1","forme orale","1/4","COMPR"
"124","3400921811704","AZITHROMYCINE TVC 250MG CPR 1/6 COMPRI","AZITHROMYCINE","J01FA10","AZITHROMYCINE TVC","250","MG","1","forme orale","1/6","COMPR"
"125","3400939322827","AZITHROMYCINE ZEN 250MG CPR 1/6 COMPRI","AZITHROMYCINE","J01FA10","AZITHROMYCINE ZEN","250","MG","1","forme orale","1/6","COMPR"
"126","3400938240610","AZITHROMYCINE ZYD 250MG CPR 1/6 COMPRI","AZITHROMYCINE","J01FA10","AZITHROMYCINE ZYD","250","MG","1","forme orale","1/6","COMPR"
"127","3400930010693","BACTRIM AD CPR 2/10 COMPR","SULFAMETHOXAZOLE ET TRIMETHOPRIME","J01EE01","BACTRIM AD CPR","2","","1","forme orale","2/10","COMPR"
"128","3400932197040","BACTRIM FORTE CPR 1/10 COMPR","SULFAMETHOXAZOLE ET TRIMETHOPRIME","J01EE01","BACTRIM FORTE CPR","1","","1","forme orale","1/10","COMPR"
"129","3400931305361","BACTRIM NR ENF SUSP BUV FL 100ML 1/100 ML","SULFAMETHOXAZOLE ET TRIMETHOPRIME","J01EE01","BACTRIM NR ENF SUSP BUV FL","100","ML","1",NA,"1/100","ML"
"130","3400936281011","BEAGYNE 150MG GELULE 1/1 GELULE","FLUCONAZOLE","J02AC01","BEAGYNE","150","MG","1","forme orale","1/1","GELUL"
"131","3400937716376","BECLOMETASONE TVC 250MICROG SOL INH 1/200 DOSE","BECLOMETASONE","R03BA01","BECLOMETASONE TVC","250","MICROG","1","doseur inhal","1/200","DOSE"
"132","3400936963443","BECLOSPIN 400MICROG/1ML SUSP INH 20/1 ML","BECLOMETASONE","R03BA01","BECLOSPIN","400","MICROG","1","nebulisateur","20/1","ML"
"133","3400936963504","BECLOSPIN 800MICROG/2ML SUSP INH 20/2 ML","BECLOMETASONE","R03BA01","BECLOSPIN","800","MICROG","2","nebulisateur","20/2","ML"
"134","3400932902866","BECOTIDE 250 MICROG SOL INHAL FL 200 1/200 DOSE","BECLOMETASONE","R03BA01","BECOTIDE","250","MICROG","1","doseur inhal","1/200","DOSE"
"135","3400935845276","BIOCALYPTOL SS SUCRE SIROP 200ML 1/200 ML","PHOLCODINE","R05DA08","BIOCALYPTOL SS SUCRE SIROP","200","ML","1",NA,"1/200","ML"
"136","3400936573383","BRICANYL 5MG/2ML SOL INHAL 50/2 ML","TERBUTALINE","R03AC03","BRICANYL","5","MG","2","nebulisateur","50/2","ML"
"137","3400922263526","BRICANYL TURBUHALER 500MCG/DOSE PDR 1/100 DOSE","TERBUTALINE","R03AC03","BRICANYL TURBUHALER","500","MICROG","1","doseur inhal","1/100","DOSE"
"138","3400936086999","BRONCHODUAL 50/20 MICROG INHAL 1/200 DOSE","FENOTEROL ET IPRATROPIUM BROMURE","R03AL01","BRONCHODUAL","50"," MICROG","1","doseur inhal","50/20","MICROG"
"139","3400936263260","BUDESONIDE ARW 1MG/2ML SUSP INH 20/2 ML","BUDESONIDE","R03BA02","BUDESONIDE ARW","1","MG","2","nebulisateur","20/2","ML"
"140","3400936722668","BUDESONIDE BGA 0.5MG/2ML SUSP INH 20/2 ML","BUDESONIDE","R03BA02","BUDESONIDE BGA","0.5","MG","2","nebulisateur","20/2","ML"
"141","3400936723269","BUDESONIDE BGA 1MG/2ML SUSP INH 20/2 ML","BUDESONIDE","R03BA02","BUDESONIDE BGA","1","MG","2","nebulisateur","20/2","ML"
"142","3400936723788","BUDESONIDE EG 0.5MG/2ML SUSP INH 20/2 ML","BUDESONIDE","R03BA02","BUDESONIDE EG","0.5","MG","2","nebulisateur","20/2","ML"
"143","3400922092829","BUDESONIDE MYL 0.5MG/2ML SUSP INH 20/2 ML","BUDESONIDE","R03BA02","BUDESONIDE MYL","0.5","MG","2","nebulisateur","20/2","ML"
"144","3400922092997","BUDESONIDE MYL 1MG/2ML SUSP INH 20/2 ML","BUDESONIDE","R03BA02","BUDESONIDE MYL","1","MG","2","nebulisateur","20/2","ML"
"145","3400936721487","BUDESONIDE SDZ 0.5MG/2ML SUSP INH 20/2 ML","BUDESONIDE","R03BA02","BUDESONIDE SDZ","0.5","MG","2","nebulisateur","20/2","ML"
"146","3400936722088","BUDESONIDE SDZ 1MG/2ML SUSP INH 20/2 ML","BUDESONIDE","R03BA02","BUDESONIDE SDZ","1","MG","2","nebulisateur","20/2","ML"
"147","3400933000042","CACIT 1000MG CPR EFF 1/30 COMPR","CALCIUM CARBONATE","A12AA04","CACIT","1000","MG","1","forme orale","1/30","COMPR"
"148","3400933878733","CACIT VIT D3 1000MG/880UI GRANULES 30/8 G","CALCIUM EN ASSOCIATION AVEC D'AUTRES SUBSTANCES","A12AX","CACIT VIT D3","1000","MG","1","forme orale","30/8","G"
"149","3400936440920","CACIT VIT D3 500MG/440UI CPR 1/60 COMPR","CALCIUM EN ASSOCIATION AVEC D'AUTRES SUBSTANCES","A12AX","CACIT VIT D3","500","MG","1","forme orale","1/60","COMPR"
"150","3400933830885","CALCIDOSE VIT D3 500MG/400UI PDR 60/2.6 G","CALCIUM EN ASSOCIATION AVEC D'AUTRES SUBSTANCES","A12AX","CALCIDOSE VIT D3","500","MG","1","forme orale","60/2.6","G"
"151","3400933298296","CALCIFORTE SOL BUV AMP 10ML 30/10 ML","CALCIUM EN ASSOCIATION AVEC D'AUTRES SUBSTANCES","A12AX","CALCIFORTE SOL BUV AMP","10","ML","1",NA,"30/10","ML"
"152","3400936116788","CALCIUM TVC 500MG CPR 1/60 COMPR","CALCIUM CARBONATE","A12AA04","CALCIUM TVC","500","MG","1","forme orale","1/60","COMPR"
"153","3400935646026","CALCIUM VIT D3 BGA 500MG/400UI CPR 1/60 COMPR","CALCIUM EN ASSOCIATION AVEC D'AUTRES SUBSTANCES","A12AX","CALCIUM VIT D3 BGA","500","MG","1","forme orale","1/60","COMPR"
"154","3400935645883","CALCIUM VIT D3 EG 500MG/400UI CPR 3/20 COMPR","CALCIUM EN ASSOCIATION AVEC D'AUTRES SUBSTANCES","A12AX","CALCIUM VIT D3 EG","500","MG","1","forme orale","3/20","COMPR"
"155","3400934733772","CALCIUM VIT D3 MYL 500MG/400UI CPR 1/60 COMPR","CALCIUM EN ASSOCIATION AVEC D'AUTRES SUBSTANCES","A12AX","CALCIUM VIT D3 MYL","500","MG","1","forme orale","1/60","COMPR"
"156","3400935476500","CALCIUM VIT D3 TVC 500MG/400UI CPR 1/60 COMPR","CALCIUM EN ASSOCIATION AVEC D'AUTRES SUBSTANCES","A12AX","CALCIUM VIT D3 TVC","500","MG","1","forme orale","1/60","COMPR"
"157","3400935814050","CALCIUM VITD3 RTP 500MG/400UI  3/20 COMPR","CALCIUM EN ASSOCIATION AVEC D'AUTRES SUBSTANCES","A12AX","CALCIUM VITD3 RTP","500","MG","1","forme orale","3/20","COMPR"
"158","3400933127343","CALTRATE 600MG CPR 1/60 COMPR","CALCIUM CARBONATE","A12AA04","CALTRATE","600","MG","1","forme orale","1/60","COMPR"
"159","3400933969554","CALTRATE VITAMINE D3 600MG/400UI CPR 1/60 COMPR","CALCIUM EN ASSOCIATION AVEC D'AUTRES SUBSTANCES","A12AX","CALTRATE VITAMINE D3","600","MG","1","forme orale","1/60","COMPR"
"160","9249089","CANCIDAS","CASPOFUNGINE","J02AX04","CANCIDAS","50","MG","1","injectable",NA,NA
"161","9249103","CANCIDAS","CASPOFUNGINE","J02AX04","CANCIDAS","70","MG","1","injectable",NA,NA
"162","3400934903878","CARBOSYMAG GELULE 8/6 GELULE","ANTIACIDES : AUTRES ASSOCIATIONS","A02AX","CARBOSYMAG GELULE","8","","1","forme orale","8/6","GELUL"
"163","3400937515115","CAYSTON 75MG PDR SOL INHAL 84/1 ML","AZTREONAM","J01DF01","CAYSTON","75","MG","1","nebulisateur","84/1","ML"
"164","3400935646194","CEFADROXIL MYL 1G CPR 1/6 COMPRI","CEFADROXIL","J01DB05","CEFADROXIL MYL","1000","MG","1","forme orale","1/6","COMPR"
"165","3400938495812","CEFIXIME MYL 200MG CPR 1/8 COMPRI","CEFIXIME","J01DD08","CEFIXIME MYL","200","MG","1","forme orale","1/8","COMPR"
"166","3400937977081","CEFPODOXIME ARW 100MG CPR 1/10 COMPR","CEFPODOXIME","J01DD13","CEFPODOXIME ARW","100","MG","1","forme orale","1/10","COMPR"
"167","3400938750126","CEFPODOXIME ARW ENF/NR40MG/5ML 100ML 1/100 ML","CEFPODOXIME","J01DD13","CEFPODOXIME ARW","5","ML","1",NA,"1/100","ML"
"168","3400938014273","CEFPODOXIME BGA 100MG CPR 1/10 COMPR","CEFPODOXIME","J01DD13","CEFPODOXIME BGA","100","MG","1","forme orale","1/10","COMPR"
"169","3400938732955","CEFPODOXIME BGA ENF/NR40MG/5ML 100ML 1/100 ML","CEFPODOXIME","J01DD13","CEFPODOXIME BGA","5","ML","1",NA,"1/100","ML"
"170","3400938732894","CEFPODOXIME BGA ENF/NR40MG/5ML 50ML 1/50 ML","CEFPODOXIME","J01DD13","CEFPODOXIME BGA","5","ML","1",NA,"1/50","ML"
"171","3400938736397","CEFPODOXIME MYL ENF/NR 40MG/5ML 50ML 1/50 ML","CEFPODOXIME","J01DD13","CEFPODOXIME MYL ENF/NR","40","MG","5",NA,"1/50","ML"
"172","3400938736458","CEFPODOXIME MYL ENF/NR40MG/5ML 100ML 1/100 ML","CEFPODOXIME","J01DD13","CEFPODOXIME MYL","5","ML","1",NA,"1/100","ML"
"173","3400934628184","CEFPODOXIME MYP 100MG CPR 1/10 COMPR","CEFPODOXIME","J01DD13","CEFPODOXIME MYP","100","MG","1","forme orale","1/10","COMPR"
"174","3400938749984","CEFPODOXIME SDZ ENF/NR40MG/5ML 100ML 1/100 ML","CEFPODOXIME","J01DD13","CEFPODOXIME SDZ","5","ML","1",NA,"1/100","ML"
"175","3400938749816","CEFPODOXIME SDZ ENF/NR40MG/5ML 50ML 1/50 ML","CEFPODOXIME","J01DD13","CEFPODOXIME SDZ","5","ML","1",NA,"1/50","ML"
"176","3400938022087","CEFPODOXIME TVC 100MG CPR 1/10 COMPR","CEFPODOXIME","J01DD13","CEFPODOXIME TVC","100","MG","1","forme orale","1/10","COMPR"
"177","3400938733327","CEFPODOXIME TVC ENF/NR 40MG/5ML 50ML 1/50 ML","CEFPODOXIME","J01DD13","CEFPODOXIME TVC ENF/NR","40","MG","5",NA,"1/50","ML"
"178","3400938733495","CEFPODOXIME TVC ENF/NR40MG/5ML 100ML 1/100 ML","CEFPODOXIME","J01DD13","CEFPODOXIME TVC","5","ML","1",NA,"1/100","ML"
"179","3400933314309","CEFPODOXIME ZTV 100MG CPR 1/10 COMPR","CEFPODOXIME","J01DD13","CEFPODOXIME ZTV","100","MG","1","forme orale","1/10","COMPR"
"180","3400933603601","CEFPODOXIME ZTV ENF/NR 40MG/5ML 50ML 1/50 ML","CEFPODOXIME","J01DD13","CEFPODOXIME ZTV ENF/NR","40","MG","5",NA,"1/50","ML"
"181","3400933603779","CEFPODOXIME ZTV ENF/NR40MG/5ML 100ML 1/100 ML","CEFPODOXIME","J01DD13","CEFPODOXIME ZTV","5","ML","1",NA,"1/100","ML"
"182","3400937910026","CEFPODOXIME ZYD 100MG CPR 1/10 COMPR","CEFPODOXIME","J01DD13","CEFPODOXIME ZYD","100","MG","1","forme orale","1/10","COMPR"
"183","3400938183047","CEFTAZIDIME MYL 1G PDR INJ 1/1 G","CEFTAZIDIME","J01DD02","CEFTAZIDIME MYL","1000","MG","1","injectable","1/1","G"
"184","3400938183337","CEFTAZIDIME MYL 2G PDR INJ IV 1/2 G","CEFTAZIDIME","J01DD02","CEFTAZIDIME MYL","2000","MG","1","injectable","1/2","G"
"185","3400936056664","CEFTRIAXONE BGA 1G/3.5ML PDR INJ IM 1/3.5 ML","CEFTRIAXONE","J01DD04","CEFTRIAXONE BGA","1000","MG","3.5","injectable","1/3.5","ML"
"186","3400935568960","CEFTRIAXONE MYL 1G/3.5ML PDR INJ IM 1/3.5 ML","CEFTRIAXONE","J01DD04","CEFTRIAXONE MYL","1000","MG","3.5","injectable","1/3.5","ML"
"187","3400927705298","CEFTRIAXONE SDZ 1G/3.5ML PDR INJ 1/3.5 ML","CEFTRIAXONE","J01DD04","CEFTRIAXONE SDZ","1000","MG","3.5","injectable","1/3.5","ML"
"188","3400935981332","CEFTRIAXONE TVS 1G/3.5ML PDR INJ 1/3.5 ML","CEFTRIAXONE","J01DD04","CEFTRIAXONE TVS","1000","MG","3.5","injectable","1/3.5","ML"
"189","3400939319636","CEFUROXIME ACT 250MG CPR  1/8 COMPRI","CEFUROXIME","J01DC02","CEFUROXIME ACT","250","MG","1","forme orale","1/8","COMPR"
"190","3400938550382","CEFUROXIME ARW 250 MG CPR 1/8 COMPRI","CEFUROXIME","J01DC02","CEFUROXIME ARW","250","MG","1","forme orale","1/8","COMPR"
"191","3400938550092","CEFUROXIME ARW 500 MG CPR 1/8 COMPRI","CEFUROXIME","J01DC02","CEFUROXIME ARW","500","MG","1","forme orale","1/8","COMPR"
"192","3400933121778","CEFUROXIME BGA 125MG CPR 1/8 COMPRI","CEFUROXIME","J01DC02","CEFUROXIME BGA","125","MG","1","forme orale","1/8","COMPR"
"193","3400933121600","CEFUROXIME BGA 250MG CPR 1/8 COMPRI","CEFUROXIME","J01DC02","CEFUROXIME BGA","250","MG","1","forme orale","1/8","COMPR"
"194","3400934366376","CEFUROXIME BGA 500MG CPR 1/8 COMPRI","CEFUROXIME","J01DC02","CEFUROXIME BGA","500","MG","1","forme orale","1/8","COMPR"
"195","3400936755437","CEFUROXIME MYL 125MG CPR 1/8 COMPRI","CEFUROXIME","J01DC02","CEFUROXIME MYL","125","MG","1","forme orale","1/8","COMPR"
"196","3400936755727","CEFUROXIME MYL 250MG CPR 1/8 COMPRI","CEFUROXIME","J01DC02","CEFUROXIME MYL","250","MG","1","forme orale","1/8","COMPR"
"197","3400936755956","CEFUROXIME MYL 500MG CPR 1/8 COMPRI","CEFUROXIME","J01DC02","CEFUROXIME MYL","500","MG","1","forme orale","1/8","COMPR"
"198","3400936727342","CEFUROXIME SDZ 250MG CPR 1/8 COMPRI","CEFUROXIME","J01DC02","CEFUROXIME SDZ","250","MG","1","forme orale","1/8","COMPR"
"199","3400939320465","CEFUROXIME TVC 250MG CPR 1/8 COMPRI","CEFUROXIME","J01DC02","CEFUROXIME TVC","250","MG","1","forme orale","1/8","COMPR"
"200","3400939320984","CEFUROXIME TVC 500MG CPR 1/8 COMPRI","CEFUROXIME","J01DC02","CEFUROXIME TVC","500","MG","1","forme orale","1/8","COMPR"
"201","3400935952585","CELLCEPT 250 MG GELULE 10/10 GELU","MYCOPHENOLIQUE ACIDE","L04AA06","CELLCEPT","250","MG","1","forme orale","10/10","GELUL"
"202","3400935952707","CELLCEPT 500 MG CPR 5/10 COMPR","MYCOPHENOLIQUE ACIDE","L04AA06","CELLCEPT","500","MG","1","forme orale","5/10","COMPR"
"203","3400933027827","CETORNAN 5G PDR ORALE ET ENTERALE 10/5 G","ORNITHINE OXOGLUTARATE","A05BA06","CETORNAN","5000","MG","1","forme orale","10/5","G"
"204","3400930004562","CHOLECALCIFEROL BGA 2.5MG/2ML SOL BU 1/2 ML","COLECALCIFEROL","A11CC05","CHOLECALCIFEROL BGA","2.5","MG","2","forme orale","1/2","ML"
"205","3400930004579","CHOLECALCIFEROL MYL 2.5MG/2ML SOL BU 1/2 ML","COLECALCIFEROL","A11CC05","CHOLECALCIFEROL MYL","2.5","MG","2","forme orale","1/2","ML"
"206","3400930004555","CHOLECALCIFEROL SDZ 2.5MG/2ML SOL BU 1/2 ML","COLECALCIFEROL","A11CC05","CHOLECALCIFEROL SDZ","2.5","MG","2","forme orale","1/2","ML"
"207","3400921906257","CHOLURSO 250MG CPR 1/60 COMPR","URSODESOXYCHOLIQUE ACIDE","A05AA02","CHOLURSO","250","MG","1","forme orale","1/60","COMPR"
"208","3400921906608","CHOLURSO 500MG CPR 1/60 COMPR","URSODESOXYCHOLIQUE ACIDE","A05AA02","CHOLURSO","500","MG","1","forme orale","1/60","COMPR"
"209","3400936429345","CIFLOX 250 MG CPR 1/12 COMPR","CIPROFLOXACINE","J01MA02","CIFLOX","250","MG","1","forme orale","1/12","COMPR"
"210","3400936429635","CIFLOX 500MG CPR 2/6 COMPRI","CIPROFLOXACINE","J01MA02","CIFLOX","500","MG","1","forme orale","2/6","COMPR"
"211","3400934419409","CIFLOX 500MG/5ML GRANULES ORAL 1/86 ML","CIPROFLOXACINE","J01MA02","CIFLOX","500","MG","5","forme orale","1/86","ML"
"212","3400934858604","CIMETIDINE MYL 200MG CPR EFF 3/20 COMPR","CIMETIDINE","A02BA01","CIMETIDINE MYL","200","MG","1","forme orale","3/20","COMPR"
"213","3400936567122","CIPROFLOXACINE ACT 250MG CPR  1/12 COMPR","CIPROFLOXACINE","J01MA02","CIPROFLOXACINE ACT","250","MG","1","forme orale","1/12","COMPR"
"214","3400936567290","CIPROFLOXACINE ACT 500MG CPR  1/12 COMPR","CIPROFLOXACINE","J01MA02","CIPROFLOXACINE ACT","500","MG","1","forme orale","1/12","COMPR"
"215","3400936821125","CIPROFLOXACINE ARW 250MG CPR 2/6 COMPRI","CIPROFLOXACINE","J01MA02","CIPROFLOXACINE ARW","250","MG","1","forme orale","2/6","COMPR"
"216","3400936822306","CIPROFLOXACINE ARW 500MG CPR 2/6 COMPRI","CIPROFLOXACINE","J01MA02","CIPROFLOXACINE ARW","500","MG","1","forme orale","2/6","COMPR"
"217","3400936384248","CIPROFLOXACINE BGA 250MG CPR 2/6 COMPRI","CIPROFLOXACINE","J01MA02","CIPROFLOXACINE BGA","250","MG","1","forme orale","2/6","COMPR"
"218","3400936384309","CIPROFLOXACINE BGA 500MG CPR 2/6 COMPRI","CIPROFLOXACINE","J01MA02","CIPROFLOXACINE BGA","500","MG","1","forme orale","2/6","COMPR"
"219","3400936128446","CIPROFLOXACINE EG 250MG CPR 2/6 COMPRI","CIPROFLOXACINE","J01MA02","CIPROFLOXACINE EG","250","MG","1","forme orale","2/6","COMPR"
"220","3400936128385","CIPROFLOXACINE EG 500MG CPR 2/6 COMPRI","CIPROFLOXACINE","J01MA02","CIPROFLOXACINE EG","500","MG","1","forme orale","2/6","COMPR"
"221","3400938093636","CIPROFLOXACINE EVO 500MG CPR 1/12 COMPR","CIPROFLOXACINE","J01MA02","CIPROFLOXACINE EVO","500","MG","1","forme orale","1/12","COMPR"
"222","3400936127036","CIPROFLOXACINE MYL 250MG CPR 2/6 COMPRI","CIPROFLOXACINE","J01MA02","CIPROFLOXACINE MYL","250","MG","1","forme orale","2/6","COMPR"
"223","3400936127326","CIPROFLOXACINE MYL 500MG CPR 2/6 COMPRI","CIPROFLOXACINE","J01MA02","CIPROFLOXACINE MYL","500","MG","1","forme orale","2/6","COMPR"
"224","3400938093346","CIPROFLOXACINE RBX 250MG CPR 1/12 COMPR","CIPROFLOXACINE","J01MA02","CIPROFLOXACINE RBX","250","MG","1","forme orale","1/12","COMPR"
"225","3400938095418","CIPROFLOXACINE RBX 500MG CPR 2/6 COMPRI","CIPROFLOXACINE","J01MA02","CIPROFLOXACINE RBX","500","MG","1","forme orale","2/6","COMPR"
"226","3400936782860","CIPROFLOXACINE SDZ 250MG CPR 2/6 COMPRI","CIPROFLOXACINE","J01MA02","CIPROFLOXACINE SDZ","250","MG","1","forme orale","2/6","COMPR"
"227","3400936783751","CIPROFLOXACINE SDZ 500MG CPR 2/6 COMPRI","CIPROFLOXACINE","J01MA02","CIPROFLOXACINE SDZ","500","MG","1","forme orale","2/6","COMPR"
"228","3400936724679","CIPROFLOXACINE TVC 250MG CPR 2/6 COMPRI","CIPROFLOXACINE","J01MA02","CIPROFLOXACINE TVC","250","MG","1","forme orale","2/6","COMPR"
"229","3400936724730","CIPROFLOXACINE TVC 500MG CPR 2/6 COMPRI","CIPROFLOXACINE","J01MA02","CIPROFLOXACINE TVC","500","MG","1","forme orale","2/6","COMPR"
"230","3400936744899","CIPROFLOXACINE ZEN 250MG CPR 2/6 COMPRI","CIPROFLOXACINE","J01MA02","CIPROFLOXACINE ZEN","250","MG","1","forme orale","2/6","COMPR"
"231","3400936744950","CIPROFLOXACINE ZEN 500MG CPR 2/6 COMPRI","CIPROFLOXACINE","J01MA02","CIPROFLOXACINE ZEN","500","MG","1","forme orale","2/6","COMPR"
"232","3400936430815","CIPROFLOXACINE ZYD 500MG CPR 2/6 COMPRI","CIPROFLOXACINE","J01MA02","CIPROFLOXACINE ZYD","500","MG","1","forme orale","2/6","COMPR"
"233","3400934171727","CLAMOXYL 1G CPR DISP 2/7 COMPRI","AMOXICILLINE","J01CA04","CLAMOXYL","1000","MG","1","forme orale","2/7","COMPR"
"234","3400938491739","CLARITHROMYCINE BGA 500MG CPR 1/14 COMPR","CLARITHROMYCINE","J01FA09","CLARITHROMYCINE BGA","500","MG","1","forme orale","1/14","COMPR"
"235","3400938502596","CLARITHROMYCINE MYL 25MG/ML GRANULES 1/100 ML","CLARITHROMYCINE","J01FA09","CLARITHROMYCINE MYL","25","MG","1","forme orale","1/100","ML"
"236","3400938087253","CLARITHROMYCINE MYL 500MG CPR 1/10 COMPR","CLARITHROMYCINE","J01FA09","CLARITHROMYCINE MYL","500","MG","1","forme orale","1/10","COMPR"
"237","3400938087314","CLARITHROMYCINE MYL 500MG CPR 1/14 COMPR","CLARITHROMYCINE","J01FA09","CLARITHROMYCINE MYL","500","MG","1","forme orale","1/14","COMPR"
"238","3400938502718","CLARITHROMYCINE MYL 50MG/ML GRANULES 1/60 ML","CLARITHROMYCINE","J01FA09","CLARITHROMYCINE MYL","50","MG","1","forme orale","1/60","ML"
"239","3400938087772","CLARITHROMYCINE SDZ 250MG CPR 1/10 COMPR","CLARITHROMYCINE","J01FA09","CLARITHROMYCINE SDZ","250","MG","1","forme orale","1/10","COMPR"
"240","3400938553635","CLARITHROMYCINE TVC 250 MG CPR 1/10 COMPR","CLARITHROMYCINE","J01FA09","CLARITHROMYCINE TVC","250","MG","1","forme orale","1/10","COMPR"
"241","3400938179316","CLARITHROMYCINE TVC 500MG CPR 1/14 COMPR","CLARITHROMYCINE","J01FA09","CLARITHROMYCINE TVC","500","MG","1","forme orale","1/14","COMPR"
"242","3400936505896","COLIMYCINE 1MUI PDR ET SOL INH 1/3 ML","COLISTINE","J01XB01","COLIMYCINE","1e+06","UI","1","nebulisateur","1/3","ML"
"243","3400938046960","COLIMYCINE 1MUI PDR ET SOL INH 30/3 ML","COLISTINE","J01XB01","COLIMYCINE","1e+06","UI","1","nebulisateur","30/3","ML"
"244","3400927569432","COLOBREATHE 1 662 500 UI PDR INH 7/8 GELULE","COLISTINE","J01XB01","COLOBREATHE","500","UI","1","doseur inhal","7/8","GELUL"
"245","3400934917547","COTRIMOXAZOLE TEVA 800MG/160MG CPR 1/10 COMPR","SULFAMETHOXAZOLE ET TRIMETHOPRIME","J01EE01","COTRIMOXAZOLE TEVA","800","MG","1","forme orale","1/10","COMPR"
"246","3400936396654","CREON 12000 U GELULE 1/120 GELU","MULTIENZYMES (LIPASE. PROTEASE...)","A09AA02","CREON","12000","UI","1","forme orale","1/120","GELUL"
"247","3400936396425","CREON 12000 U GELULE 1/60 GELUL","MULTIENZYMES (LIPASE. PROTEASE...)","A09AA02","CREON","12000","UI","1","forme orale","1/60","GELUL"
"248","3400936395534","CREON 25000U GELULE 1/60 GELUL","MULTIENZYMES (LIPASE. PROTEASE...)","A09AA02","CREON","25000","UI","1","forme orale","1/60","GELUL"
"249","9402823","CREON 5000U GLE GASTRO FL20G 1/20 G","MULTIENZYMES (LIPASE. PROTEASE...)","A09AA02","CREON","5000","UI","1","forme orale","1/20","G"
"250","3400927913655","CREON 5000U GLE GASTRO FL20G 1/20 G","MULTIENZYMES (LIPASE. PROTEASE...)","A09AA02","CREON","5000","UI","1","forme orale","1/20","G"
"251","3400932878642","CYTOTEC 200MICROG CPR 6/10 COMPR","MISOPROSTOL","A02BB01","CYTOTEC","200","MICROG","1","forme orale","6/10","COMPR"
"252","3400932341641","DELURSAN 250MG CPR PEL 1/20 COMPR","URSODESOXYCHOLIQUE ACIDE","A05AA02","DELURSAN","250","MG","1","forme orale","1/20","COMPR"
"253","3400921931211","DELURSAN 500MG CPR PEL 1/60 COMPR","URSODESOXYCHOLIQUE ACIDE","A05AA02","DELURSAN","500","MG","1","forme orale","1/60","COMPR"
"254","3400937655132","DERMORELLE 200MG CAPSULE 1/90 CAPSU","TOCOPHEROL (VIT E)","A11HA03","DERMORELLE","200","MG","1","forme orale","1/90","CAPS"
"255","3400931162179","DEXAMBUTOL 500 MG CPR 2/25 COMPR","ETHAMBUTOL","J04AK02","DEXAMBUTOL","500","MG","1","forme orale","2/25","COMPR"
"256","3400932905997","DIFFU-K 600MG GELULE 4/10 GELUL","POTASSIUM CHLORURE","A12BA01","DIFFU-K","600","MG","1","forme orale","4/10","GELUL"
"257","3400934549540","DOXY 100MG CPR 1/15 COMPR","DOXYCYCLINE","J01AA02","DOXY","100","MG","1","forme orale","1/15","COMPR"
"258","3400936130685","DOXYCYCLINE ARW 100MG CPR 1/30 COMPR","DOXYCYCLINE","J01AA02","DOXYCYCLINE ARW","100","MG","1","forme orale","1/30","COMPR"
"259","3400935332868","DOXYCYCLINE BGA 100MG CPR 1/15 COMPR","DOXYCYCLINE","J01AA02","DOXYCYCLINE BGA","100","MG","1","forme orale","1/15","COMPR"
"260","3400935582348","DOXYCYCLINE MYL 100MG CPR 1/30 COMPR","DOXYCYCLINE","J01AA02","DOXYCYCLINE MYL","100","MG","1","forme orale","1/30","COMPR"
"261","3400921897579","DOXYCYCLINE SDZ 100MG CPR 1/30 COMPR","DOXYCYCLINE","J01AA02","DOXYCYCLINE SDZ","100","MG","1","forme orale","1/30","COMPR"
"262","3400936422650","DOXYLIS 100MG CPR GI 2/15 COMPR","DOXYCYCLINE","J01AA02","DOXYLIS","100","MG","1","forme orale","2/15","COMPR"
"263","3400932425600","ERY 125MG NR GRANULES SACHET 24/1.18 G","ERYTHROMYCINE","J01FA01","ERY","125","MG","1","forme orale","24/1.18","G"
"264","3400927357572","ESOMEPRAZOLE ACF 20MG CPR 1/28 COMPR","ESOMEPRAZOLE","A02BC05","ESOMEPRAZOLE ACF","20","MG","1","forme orale","1/28","COMPR"
"265","3400927359583","ESOMEPRAZOLE ARL 40MG CPR 1/28 COMPR","ESOMEPRAZOLE","A02BC05","ESOMEPRAZOLE ARL","40","MG","1","forme orale","1/28","COMPR"
"266","3400949721542","ESOMEPRAZOLE ARW 20MG GELULE 1/28 GELUL","ESOMEPRAZOLE","A02BC05","ESOMEPRAZOLE ARW","20","MG","1","forme orale","1/28","GELUL"
"267","3400949718580","ESOMEPRAZOLE BGA 20MG GELULE 1/28 GELUL","ESOMEPRAZOLE","A02BC05","ESOMEPRAZOLE BGA","20","MG","1","forme orale","1/28","GELUL"
"268","3400949718870","ESOMEPRAZOLE BGA 40MG GELULE 1/28 GELUL","ESOMEPRAZOLE","A02BC05","ESOMEPRAZOLE BGA","40","MG","1","forme orale","1/28","GELUL"
"269","3400922197487","ESOMEPRAZOLE KRK 20MG GELULE 1/14 GELUL","ESOMEPRAZOLE","A02BC05","ESOMEPRAZOLE KRK","20","MG","1","forme orale","1/14","GELUL"
"270","3400922197548","ESOMEPRAZOLE KRK 20MG GELULE 1/28 GELUL","ESOMEPRAZOLE","A02BC05","ESOMEPRAZOLE KRK","20","MG","1","forme orale","1/28","GELUL"
"271","3400949719242","ESOMEPRAZOLE MYL 20 MG GELULE 1/28 GELUL","ESOMEPRAZOLE","A02BC05","ESOMEPRAZOLE MYL","20","MG","1","forme orale","1/28","GELUL"
"272","3400949719532","ESOMEPRAZOLE MYL 40 MG GELULE 1/28 GELUL","ESOMEPRAZOLE","A02BC05","ESOMEPRAZOLE MYL","40","MG","1","forme orale","1/28","GELUL"
"273","3400941888168","ESOMEPRAZOLE RBX 20MG CPR 1/7 COMPRI","ESOMEPRAZOLE","A02BC05","ESOMEPRAZOLE RBX","20","MG","1","forme orale","1/7","COMPR"
"274","3400927417818","ESOMEPRAZOLE SDZ 20 MG GELULE 1/14 GELUL","ESOMEPRAZOLE","A02BC05","ESOMEPRAZOLE SDZ","20","MG","1","forme orale","1/14","GELUL"
"275","3400927417986","ESOMEPRAZOLE SDZ 20 MG GELULE 1/28 GELUL","ESOMEPRAZOLE","A02BC05","ESOMEPRAZOLE SDZ","20","MG","1","forme orale","1/28","GELUL"
"276","3400927418129","ESOMEPRAZOLE SDZ 40MG GELULE 1/28 GELUL","ESOMEPRAZOLE","A02BC05","ESOMEPRAZOLE SDZ","40","MG","1","forme orale","1/28","GELUL"
"277","3400927481512","ESOMEPRAZOLE TVC 20MG GELULE 1/28 GELUL","ESOMEPRAZOLE","A02BC05","ESOMEPRAZOLE TVC","20","MG","1","forme orale","1/28","GELUL"
"278","3400927481741","ESOMEPRAZOLE TVC 40MG GELULE 1/28 GELUL","ESOMEPRAZOLE","A02BC05","ESOMEPRAZOLE TVC","40","MG","1","forme orale","1/28","GELUL"
"279","3400949717811","ESOMEPRAZOLE ZEN 20MG GELULE 1/28 GELUL","ESOMEPRAZOLE","A02BC05","ESOMEPRAZOLE ZEN","20","MG","1","forme orale","1/28","GELUL"
"280","3400949718122","ESOMEPRAZOLE ZEN 40MG GELULE 1/28 GELUL","ESOMEPRAZOLE","A02BC05","ESOMEPRAZOLE ZEN","40","MG","1","forme orale","1/28","GELUL"
"281","3400922033976","ESOMEPRAZOLE ZYD 20MG GELULE 1/28 GELUL","ESOMEPRAZOLE","A02BC05","ESOMEPRAZOLE ZYD","20","MG","1","forme orale","1/28","GELUL"
"282","3400922034348","ESOMEPRAZOLE ZYD 40MG GELULE 1/28 GELUL","ESOMEPRAZOLE","A02BC05","ESOMEPRAZOLE ZYD","40","MG","1","forme orale","1/28","GELUL"
"283","3400934606533","EUPANTOL 40 MG PDR INJ 1/40 MG","PANTOPRAZOLE","A02BC02","EUPANTOL","40","MG","1","injectable","1/40","MG"
"284","3400936774476","EUROBIOL 12500U/DOSE GRANULES 1/20 G","MULTIENZYMES (LIPASE. PROTEASE...)","A09AA02","EUROBIOL","12500","UI","1","forme orale","1/20","G"
"285","3400939533384","EUROBIOL 25000U GELULE 1/100 GELU","MULTIENZYMES (LIPASE. PROTEASE...)","A09AA02","EUROBIOL","25000","UI","1","forme orale","1/100","GELUL"
"286","3400936424722","FIXICAL VITAMINE D3 1000MG/800UI CPR 1/30 COMPR","CALCIUM EN ASSOCIATION AVEC D'AUTRES SUBSTANCES","A12AX","FIXICAL VITAMINE D3","1000","MG","1","forme orale","1/30","COMPR"
"287","3400937628747","FIXICAL VITAMINE D3 1000MG/800UI CPR 3/30 COMPR","CALCIUM EN ASSOCIATION AVEC D'AUTRES SUBSTANCES","A12AX","FIXICAL VITAMINE D3","1000","MG","1","forme orale","3/30","COMPR"
"288","3400935005076","FIXICAL VITAMINE D3 500 MG/400UI CPR 3/20 COMPR","CALCIUM EN ASSOCIATION AVEC D'AUTRES SUBSTANCES","A12AX","FIXICAL VITAMINE D3","500","MG","1","forme orale","3/20","COMPR"
"289","3400937412865","FLIXONASE 50 MICROG SUSP FP 120 1/120 DOSE","FLUTICASONE","R03BA05","FLIXONASE","50","MICROG","1","doseur inhal","1/120","DOSE"
"290","3400933670665","FLIXOTIDE 125 MICROGRAMMES SUSP INH 1/120 DOSE","FLUTICASONE","R03BA05","FLIXOTIDE","125","MICROG","1","doseur inhal","1/120","DOSE"
"291","3400933670894","FLIXOTIDE 250 MICROGRAMMES SUSP INH 1/120 DOSE","FLUTICASONE","R03BA05","FLIXOTIDE","250","MICROG","1","doseur inhal","1/120","DOSE"
"292","3400933670375","FLIXOTIDE 50 MICROGRAMMES SUSP INH 1/120 DOSE","FLUTICASONE","R03BA05","FLIXOTIDE","50","MICROG","1","doseur inhal","1/120","DOSE"
"293","3400933933074","FLIXOTIDE DISKUS 100 MICROG PDR INH 1/60 UNIDO","FLUTICASONE","R03BA05","FLIXOTIDE DISKUS","100","MICROG","1","doseur inhal","1/60","DOSE"
"294","3400933933364","FLIXOTIDE DISKUS 250 MICROG PDR INH 1/60 UNIDO","FLUTICASONE","R03BA05","FLIXOTIDE DISKUS","250","MICROG","1","doseur inhal","1/60","DOSE"
"295","3400933936327","FLIXOTIDE DISKUS 500 MICROG PDR INH 1/60 UNIDO","FLUTICASONE","R03BA05","FLIXOTIDE DISKUS","500","MICROG","1","doseur inhal","1/60","DOSE"
"296","3400936716865","FLUCONAZOLE ARW 100MG GELULE 1/7 GELULE","FLUCONAZOLE","J02AC01","FLUCONAZOLE ARW","100","MG","1","forme orale","1/7","GELUL"
"297","3400937807609","FLUCONAZOLE ARW 50MG/5ML PDR ORALE 1/35 ML","FLUCONAZOLE","J02AC01","FLUCONAZOLE ARW","50","MG","5","forme orale","1/35","ML"
"298","3400936699106","FLUCONAZOLE BGA 100MG GELULE 1/7 GELULE","FLUCONAZOLE","J02AC01","FLUCONAZOLE BGA","100","MG","1","forme orale","1/7","GELUL"
"299","3400937783842","FLUCONAZOLE EG 100MG GELULE 1/7 GELULE","FLUCONAZOLE","J02AC01","FLUCONAZOLE EG","100","MG","1","forme orale","1/7","GELUL"
"300","3400937783613","FLUCONAZOLE EG 50MG GELULE 1/7 GELULE","FLUCONAZOLE","J02AC01","FLUCONAZOLE EG","50","MG","1","forme orale","1/7","GELUL"
"301","3400937032452","FLUCONAZOLE MYL 100MG GELULE 1/7 GELULE","FLUCONAZOLE","J02AC01","FLUCONAZOLE MYL","100","MG","1","forme orale","1/7","GELUL"
"302","3400937034692","FLUCONAZOLE MYL 200MG GELULE 1/7 GELULE","FLUCONAZOLE","J02AC01","FLUCONAZOLE MYL","200","MG","1","forme orale","1/7","GELUL"
"303","3400937030502","FLUCONAZOLE MYL 50MG GELULE 1/7 GELULE","FLUCONAZOLE","J02AC01","FLUCONAZOLE MYL","50","MG","1","forme orale","1/7","GELUL"
"304","3400937809610","FLUCONAZOLE MYL 50MG/5ML PDR ORALE 1/35 ML","FLUCONAZOLE","J02AC01","FLUCONAZOLE MYL","50","MG","5","forme orale","1/35","ML"
"305","3400936652668","FLUCONAZOLE TVC 50MG GELULE 1/7 GELULE","FLUCONAZOLE","J02AC01","FLUCONAZOLE TVC","50","MG","1","forme orale","1/7","GELUL"
"306","3400933773373","FORADIL 12 MICROG PDR INH GELULE 1/30 GELUL","FORMOTEROL","R03AC13","FORADIL","12","MICROG","1","doseur inhal","1/30","GELUL"
"307","3400933773434","FORADIL 12 MICROG PDR INH GELULE 6/10 GELUL","FORMOTEROL","R03AC13","FORADIL","12","MICROG","1","doseur inhal","6/10","GELUL"
"308","3400936951266","FORMOAIR 12 MICROG/DOSE SOL INH 1/100 DOSE","FORMOTEROL","R03AC13","FORMOAIR","12","MICROG","1","doseur inhal","1/100","DOSE"
"309","3400937233026","FORTUM 1G PDR INJ 1/1.18 G","CEFTAZIDIME","J01DD02","FORTUM","1000","MG","1","injectable","1/1.18","G"
"310","3400937233255","FORTUM 2G PDR INJ 1/2.36 G","CEFTAZIDIME","J01DD02","FORTUM","2000","MG","1","injectable","1/2.36","G"
"311","3400937232883","FORTUM 500MG ENF NR PDR INJ 1/591 MG","CEFTAZIDIME","J01DD02","FORTUM","500","MG","1","injectable","1/591","MG"
"312","3400939418261","FOSFOMYCINE ARW 3G GRANULES SACHET 1/8 G","FOSFOMYCINE","J01XX01","FOSFOMYCINE ARW","3000","MG","1","forme orale","1/8","G"
"313","3400939423524","FOSFOMYCINE BGA 3G GRANULES SACHET 1/8 G","FOSFOMYCINE","J01XX01","FOSFOMYCINE BGA","3000","MG","1","forme orale","1/8","G"
"314","3400939423814","FOSFOMYCINE MYP 3G GRANULES SACHET 1/8 G","FOSFOMYCINE","J01XX01","FOSFOMYCINE MYP","3000","MG","1","forme orale","1/8","G"
"315","3400939889054","FOSFOMYCINE SDZ 3G GRANULES SACHET 1/8 G","FOSFOMYCINE","J01XX01","FOSFOMYCINE SDZ","3000","MG","1","forme orale","1/8","G"
"316","3400939889405","FOSFOMYCINE TVS 3G GRANULES SACHET 1/8 G","FOSFOMYCINE","J01XX01","FOSFOMYCINE TVS","3000","MG","1","forme orale","1/8","G"
"317","3400936766372","FUCIDINE 250 MG CPR 1/10 COMPR","FUSIDIQUE ACIDE","J01XC01","FUCIDINE","250","MG","1","forme orale","1/10","COMPR"
"318","3400933227210","FUCIDINE 250MG/5ML ENF SUSP BUV 90ML 1/90 ML","FUSIDIQUE ACIDE","J01XC01","FUCIDINE","250","MG","5","forme orale","1/90","ML"
"319","9036689","FUNGIZONE","AMPHOTERICINE B","J02AA01","FUNGIZONE","50","MG","1","injectable",NA,NA
"320","3400934624223","FUNGIZONE 10% NR ENF SUSP BUV 1/40 ML","AMPHOTERICINE B","J02AA01","FUNGIZONE","1","","1",NA,"1/40","ML"
"321","3400930418673","FUNGIZONE 10% SUSP BUV FL 40ML 1/40 ML","AMPHOTERICINE B","J02AA01","FUNGIZONE","40","ML","1",NA,"1/40","ML"
"322","3400932964499","FURADANTINE 50MG GELULE 3/7 GELULE","NITROFURANTOINE","J01XE01","FURADANTINE","50","MG","1","forme orale","3/7","GELUL"
"323","3400936790964","GAVISCON MENTHE CPR 1/20 COMPR","ALGINIQUE ACIDE","A02BX13","GAVISCON MENTHE CPR","1","","1","forme orale","1/20","COMPR"
"324","3400933753672","GAVISCON NR SUSP BUV FL 150ML 1/150 ML","ALGINIQUE ACIDE","A02BX13","GAVISCON NR SUSP BUV FL","150","ML","1",NA,"1/150","ML"
"325","3400933095253","GAVISCON SUSP BUV SACHET 24/10 ML","ALGINIQUE ACIDE","A02BX13","GAVISCON SUSP BUV SACHET","24","","1",NA,"24/10","ML"
"326","3400934199691","GENOTONORM 12 MG/1ML PDR ET SOL INJ 1/1 ML","SOMATROPINE","H01AC01","GENOTONORM","12","MG","1","injectable","1/1","ML"
"327","3400949742073","GENOTONORM 12 MG/1ML PDR SOL INJ 1/1 ML","SOMATROPINE","H01AC01","GENOTONORM","12","MG","1","injectable","1/1","ML"
"328","3400949742134","GENOTONORM 12 MG/1ML PDR SOL INJ 5/1 ML","SOMATROPINE","H01AC01","GENOTONORM","12","MG","1","injectable","5/1","ML"
"329","3400934384875","GENOTONORM MINIQUICK 1.4MG/0.25ML 7/.25 ML","SOMATROPINE","H01AC01","GENOTONORM MINIQUICK","1.4","MG","0.25",NA,"7/.25","ML"
"330","3400932695300","GENTAMICINE PAN 10 MG SOL INJ 1/1 ML","GENTAMICINE","J01GB03","GENTAMICINE PAN","10","MG","1","injectable","1/1","ML"
"331","3400932695188","GENTAMICINE PAN 160 MG SOL INJ 1/2 ML","GENTAMICINE","J01GB03","GENTAMICINE PAN","160","MG","1","injectable","1/2","ML"
"332","3400932695010","GENTAMICINE PAN 80 MG SOL INJ 1/2 ML","GENTAMICINE","J01GB03","GENTAMICINE PAN","80","MG","1","injectable","1/2","ML"
"333","3400930585146","GLUCOSE LAV 30% SOL INJ FV 250ML 1/250 ML","HYDRATES DE CARBONE","B05BA03","GLUCOSE LAV","250","ML","1",NA,"1/250","ML"
"334","3400936299221","GLUCOSE LAV 5% SOL INJ AB 10ML 10/10 ML","HYDRATES DE CARBONE","B05BA03","GLUCOSE LAV","10","ML","1",NA,"10/10","ML"
"335","3400930586327","GLUCOSE LAV 5% SOL INJ FV 250ML 1/250 ML","HYDRATES DE CARBONE","B05BA03","GLUCOSE LAV","250","ML","1",NA,"1/250","ML"
"336","3400933524784","GRANIONS ZINC 15MG/2ML SOL BUV 10/2 ML","ZINC","A12CB","GRANIONS ZINC","15","MG","2","forme orale","10/2","ML"
"337","3400934433535","GRANUDOXY 100MG CPR 1/28 COMPR","DOXYCYCLINE","J01AA02","GRANUDOXY","100","MG","1","forme orale","1/28","COMPR"
"338","3400922385624","HELICIDINE 10% S/S SIR FP 250ML 1/250 ML","MUCOLYTIQUES","R05CB","HELICIDINE","250","ML","1",NA,"1/250","ML"
"339","3400930000854","HUMALOG 200UI/ML KWIKPEN SOL INJ 5/3 ML","INSULINE LISPRO","A10AB04","HUMALOG","200","UI","1","injectable","5/3","ML"
"340","3400938510980","HUMALOG 300UI/3ML KWIKPEN SOL INJ 5/3 ML","INSULINE LISPRO","A10AB04","HUMALOG","300","UI","3","injectable","5/3","ML"
"341","3400938511062","HUMALOG MIX25 300UI/3ML KWIKPEN INJ 5/3 ML","INSULINE LISPRO-PROTAMINE 1:4","A10AD04","HUMALOG MIX25","300","UI","3","injectable","5/3","ML"
"342","3400938511123","HUMALOG MIX50 300UI/3ML KWIKPEN INJ 5/3 ML","INSULINE LISPRO-PROTAMINE  1:1","A10AD04","HUMALOG MIX50","300","UI","3","injectable","5/3","ML"
"343","3400949172733","IMIPENEM CIL MYL 500/500MG PDR INJ 1/30 ML","IMIPENEME ET INHIBITEUR D'ENZYME","J01DH51","IMIPENEM CIL MYL","500","MG","1","injectable","1/30","ML"
"344","3400938673081","INEXIUM 10MG GRANULES SUSP BUV SACH 28/3.043 G","ESOMEPRAZOLE","A02BC05","INEXIUM","10","MG","1","forme orale","28/3.043","G"
"345","3400935533432","INEXIUM 20MG CPR 4/7 COMPRI","ESOMEPRAZOLE","A02BC05","INEXIUM","20","MG","1","forme orale","4/7","COMPR"
"346","3400935533890","INEXIUM 40MG CPR 2/7 COMPRI","ESOMEPRAZOLE","A02BC05","INEXIUM","40","MG","1","forme orale","2/7","COMPR"
"347","3400935533951","INEXIUM 40MG CPR 4/7 COMPRI","ESOMEPRAZOLE","A02BC05","INEXIUM","40","MG","1","forme orale","4/7","COMPR"
"348","3400938141283","INNOVAIR 100/6MICROG SOL INH 1/120 DOSE","FORMOTEROL ET BECLOMETASONE","R03AK08","INNOVAIR","100","MICROG","1","doseur inhal","1/120","DOSE"
"349","3400936581777","IPRATROPIUM AGT 0.5MG/2ML AD INHAL 10/2 ML","IPRATROPIUM BROMURE","R03BB01","IPRATROPIUM AGT","0.5","MG","2","nebulisateur","10/2","ML"
"350","3400936580596","IPRATROPIUM MYL 0.25MG/1ML ENF INHAL 10/1 ML","IPRATROPIUM BROMURE","R03BB01","IPRATROPIUM MYL","0.25","MG","1","nebulisateur","10/1","ML"
"351","3400936580367","IPRATROPIUM MYL 0.5MG/2ML AD INHAL 10/2 ML","IPRATROPIUM BROMURE","R03BB01","IPRATROPIUM MYL","0.5","MG","2","nebulisateur","10/2","ML"
"352","3400927913716","IPRATROPIUM SDZ 0.5MG/2ML AD INHAL 10/2 ML","IPRATROPIUM BROMURE","R03BB01","IPRATROPIUM SDZ","0.5","MG","2","nebulisateur","10/2","ML"
"353","3400941884894","ITRACONAZOLE HXL 100MG GELULE 1/30 GELUL","ITRACONAZOLE","J02AC02","ITRACONAZOLE HXL","100","MG","1","forme orale","1/30","GELUL"
"354","3400937731454","ITRACONAZOLE MYL 100MG GELULE 1/30 GELUL","ITRACONAZOLE","J02AC02","ITRACONAZOLE MYL","100","MG","1","forme orale","1/30","GELUL"
"355","3400936729414","ITRACONAZOLE SDZ 100MG GELULE 1/30 GELUL","ITRACONAZOLE","J02AC02","ITRACONAZOLE SDZ","100","MG","1","forme orale","1/30","GELUL"
"356","3400938168020","ITRACONAZOLE TVC 100MG GELULE 1/30 GELUL","ITRACONAZOLE","J02AC02","ITRACONAZOLE TVC","100","MG","1","forme orale","1/30","GELUL"
"357","3400935757876","IZILOX 400MG CPR 1/5 COMPRI","MOXIFLOXACINE","J01MA14","IZILOX","400","MG","1","forme orale","1/5","COMPR"
"358","3400935757937","IZILOX 400MG CPR 1/7 COMPRI","MOXIFLOXACINE","J01MA14","IZILOX","400","MG","1","forme orale","1/7","COMPR"
"359","3400937925044","JANUVIA 100MG CPR 1/28 COMPR","SITAGLIPTINE","A10BH01","JANUVIA","100","MG","1","forme orale","1/28","COMPR"
"360","3400932307005","JOSACINE 250MG/5ML GRANULES FL 1/60 ML","JOSAMYCINE","J01FA07","JOSACINE","250","MG","5","forme orale","1/60","ML"
"361","3400932306923","JOSACINE 500 MG CPR 2/10 COMPR","JOSAMYCINE","J01FA07","JOSACINE","500","MG","1","forme orale","2/10","COMPR"
"362","3400932360161","JOSACINE 500MG/5ML GRANULES 1/60 ML","JOSAMYCINE","J01FA07","JOSACINE","500","MG","5","forme orale","1/60","ML"
"363","3400926606053","KALYDECO 150 MG CPR 1/56 COMPR","IVACAFTOR","R07AX02","KALYDECO","150","MG","1","forme orale","1/56","COMPR"
"364","3400926606114","KALYDECO 150 MG CPR 1/56 COMPR","IVACAFTOR","R07AX02","KALYDECO","150","MG","1","forme orale","1/56","COMPR"
"365","9385929","KALYDECO 150 MG CPR 1/56 COMPR","IVACAFTOR","R07AX02","KALYDECO","150","MG","1","forme orale","1/56","COMPR"
"366","3400933397562","KEAL 1G SUSP BUV SACHET 30/5 ML","SUCRALFATE","A02BX02","KEAL","1000","MG","1","forme orale","30/5","ML"
"367","3400935755926","KETEK 400MG CPR 1/10 COMPR","TELITHROMYCINE","J01FA15","KETEK","400","MG","1","forme orale","1/10","COMPR"
"368","9166908","LAMPRENE","CLOFAZIMINE","J04BA01","LAMPRENE","50","MG","1","forme orale",NA,NA
"369","3400927352898","LANSOPRAZOLE MYL 15MG CPR OROD 1/14 COMPR","LANSOPRAZOLE","A02BC03","LANSOPRAZOLE MYL","15","MG","1","forme orale","1/14","COMPR"
"370","3400927352959","LANSOPRAZOLE MYL 15MG CPR OROD 1/28 COMPR","LANSOPRAZOLE","A02BC03","LANSOPRAZOLE MYL","15","MG","1","forme orale","1/28","COMPR"
"371","3400927418419","LANSOPRAZOLE MYL 30MG CPR OROD 1/28 COMPR","LANSOPRAZOLE","A02BC03","LANSOPRAZOLE MYL","30","MG","1","forme orale","1/28","COMPR"
"372","3400938105094","LANSOPRAZOLE MYL 30MG GELULE 1/28 GELUL","LANSOPRAZOLE","A02BC03","LANSOPRAZOLE MYL","30","MG","1","forme orale","1/28","GELUL"
"373","3400927929915","LANSOPRAZOLE SDZ 15MG CPR OROD 1/28 COMPR","LANSOPRAZOLE","A02BC03","LANSOPRAZOLE SDZ","15","MG","1","forme orale","1/28","COMPR"
"374","3400937722988","LANTUS 300U/3ML SOL INJ STY SOLOSTAR 5/3 ML","INSULINE GLARGINE","A10AE04","LANTUS","300","UI","3","injectable","5/3","ML"
"375","3400936511989","LEVEMIR FLEXPEN 300U/3ML SOL INJ STY 5/3 ML","INSULINE DETEMIR","A10AE05","LEVEMIR FLEXPEN","300","UI","3","injectable","5/3","ML"
"376","3400949491322","LEVOFLOXACINE ALM 500MG CPR 1/5 COMPRI","LEVOFLOXACINE","J01MA12","LEVOFLOXACINE ALM","500","MG","1","forme orale","1/5","COMPR"
"377","3400939584133","LEVOFLOXACINE BGA 500MG CPR 1/5 COMPRI","LEVOFLOXACINE","J01MA12","LEVOFLOXACINE BGA","500","MG","1","forme orale","1/5","COMPR"
"378","3400939911496","LEVOFLOXACINE MYL 500MG CPR 1/5 COMPRI","LEVOFLOXACINE","J01MA12","LEVOFLOXACINE MYL","500","MG","1","forme orale","1/5","COMPR"
"379","3400939110158","LEVOFLOXACINE TVC 500MG CPR 1/5 COMPRI","LEVOFLOXACINE","J01MA12","LEVOFLOXACINE TVC","500","MG","1","forme orale","1/5","COMPR"
"380","3400939882710","LEVOFLOXACINE ZEN 500MG CPR 1/5 COMPRI","LEVOFLOXACINE","J01MA12","LEVOFLOXACINE ZEN","500","MG","1","forme orale","1/5","COMPR"
"381","3400937527460","LEVOFLOXACINE ZYD 500MG CPR 1/5 COMPRI","LEVOFLOXACINE","J01MA12","LEVOFLOXACINE ZYD","500","MG","1","forme orale","1/5","COMPR"
"382","3400933459758","LOGIFLOX 400MG CPR 1/3 COMPRI","LOMEFLOXACINE","J01MA07","LOGIFLOX","400","MG","1","forme orale","1/3","COMPR"
"383","9413614","LUMACAFTOR/IVACAFTOR","LUMACAFTO/IVACAFTOR","R07AX30","LUMACAFTOR/IVACAFTOR","200/125","MG","1","forme orale",NA,NA
"384","3400938783063","MERONEM 1 G PDR INJ 10/1 G","MEROPENEME","J01DH02","MERONEM","1000","MG","1","injectable","10/1","G"
"385","3400927996511","MEROPENEM MYL 1G PDR SOL INJ FL 10/20 ML","MEROPENEME","J01DH02","MEROPENEM MYL","1000","MG","1","injectable","10/20","ML"
"386","3400949121175","METFORMINE MYP 500MG CPR 1/90 COMPR","METFORMINE","A10BA02","METFORMINE MYP","500","MG","1","forme orale","1/90","COMPR"
"387","3400936931336","MINIRINMELT 120MICROGR LYOPHILISAT 3/10 LYOPH","DESMOPRESSINE","H01BA02","MINIRINMELT","120","MICROG","1","injectable","3/10","LYOPH"
"388","3400934797019","MINOCYCLINE BGA 100MG CPR 1/14 COMPR","MINOCYCLINE","J01AA08","MINOCYCLINE BGA","100","MG","1","forme orale","1/14","COMPR"
"389","3400935164773","MINOCYCLINE EG 100MG GELULE  1/15 GELUL","MINOCYCLINE","J01AA08","MINOCYCLINE EG","100","MG","1","forme orale","1/15","GELUL"
"390","3400934034022","MINOCYCLINE MYL 100MG GELULE  1/14 GELUL","MINOCYCLINE","J01AA08","MINOCYCLINE MYL","100","MG","1","forme orale","1/14","GELUL"
"391","3400939594828","MODIGRAF 0.2MG SUSP BUV 50/1 SACHE","TACROLIMUS","L04AD02","MODIGRAF","0.2","MG","1","forme orale","50/1","SACHE"
"392","3400933912482","MONOFLOCET 200MG CPR 1/2 COMPRI","OFLOXACINE","J01MA01","MONOFLOCET","200","MG","1","forme orale","1/2","COMPR"
"393","3400921795004","MONTELUKAST ARW 10MG CPR 1/28 COMPR","MONTELUKAST","R03DC03","MONTELUKAST ARW","10","MG","1","forme orale","1/28","COMPR"
"394","3400935547040","MONTELUKAST BGA 10MG CPR 1/28 COMPR","MONTELUKAST","R03DC03","MONTELUKAST BGA","10","MG","1","forme orale","1/28","COMPR"
"395","3400935545848","MONTELUKAST BGA 5MG CPR CROQ 1/28 COMPR","MONTELUKAST","R03DC03","MONTELUKAST BGA","5","MG","1","forme orale","1/28","COMPR"
"396","3400949669233","MONTELUKAST MYL 10MG CPR 1/28 COMPR","MONTELUKAST","R03DC03","MONTELUKAST MYL","10","MG","1","forme orale","1/28","COMPR"
"397","3400941615276","MONTELUKAST MYL 5MG CPR CROQ 1/28 COMPR","MONTELUKAST","R03DC03","MONTELUKAST MYL","5","MG","1","forme orale","1/28","COMPR"
"398","3400949255689","MONTELUKAST SDZ 10MG CPR 1/28 COMPR","MONTELUKAST","R03DC03","MONTELUKAST SDZ","10","MG","1","forme orale","1/28","COMPR"
"399","3400938931457","MONTELUKAST SDZ 5MG CPR CROQ 1/28 COMPR","MONTELUKAST","R03DC03","MONTELUKAST SDZ","5","MG","1","forme orale","1/28","COMPR"
"400","3400938962093","MONTELUKAST TVC 10MG CPR 1/28 COMPR","MONTELUKAST","R03DC03","MONTELUKAST TVC","10","MG","1","forme orale","1/28","COMPR"
"401","3400921861099","MONTELUKAST TVC 4MG GLE SACH 28/4 MG","MONTELUKAST","R03DC03","MONTELUKAST TVC","4","MG","1","forme orale","28/4","MG"
"402","3400938963045","MONTELUKAST TVC 5MG CPR CROQ 1/28 COMPR","MONTELUKAST","R03DC03","MONTELUKAST TVC","5","MG","1","forme orale","1/28","COMPR"
"403","3400926622602","MONTELUKAST ZTL 10MG CPR 1/28 COMPR","MONTELUKAST","R03DC03","MONTELUKAST ZTL","10","MG","1","forme orale","1/28","COMPR"
"404","3400934130106","MOPRAL 10 MG GELULE 1/28 GELUL","OMEPRAZOLE","A02BC01","MOPRAL","10","MG","1","forme orale","1/28","GELUL"
"405","3400934081217","MOPRAL 20 MG GELULE 1/14 GELUL","OMEPRAZOLE","A02BC01","MOPRAL","20","MG","1","forme orale","1/14","GELUL"
"406","3400934081446","MOPRAL 20 MG GELULE 1/28 GELUL","OMEPRAZOLE","A02BC01","MOPRAL","20","MG","1","forme orale","1/28","GELUL"
"407","3400927356681","MOXIFLOXACINE EG 400MG CPR 1/7 COMPRI","MOXIFLOXACINE","J01MA14","MOXIFLOXACINE EG","400","MG","1","forme orale","1/7","COMPR"
"408","3400922083605","MOXIFLOXACINE SDZ 400MG CPR 1/7 COMPRI","MOXIFLOXACINE","J01MA14","MOXIFLOXACINE SDZ","400","MG","1","forme orale","1/7","COMPR"
"409","3400934904189","MOXYDAR SUSP BUV SACHET DOSE 30/20 ML","ASSOCIATIONS DE SELS","A02AD01","MOXYDAR SUSP BUV SACHET DOSE","30","","1",NA,"30/20","ML"
"410","3400934116896","MYNOCINE 100 MG GELULE 1/15 GELUL","MINOCYCLINE","J01AA08","MYNOCINE","100","MG","1","forme orale","1/15","GELUL"
"411","3400931648772","NEBCINE 100 MG SOL INJ 1/2 ML","TOBRAMYCINE","J01GB01","NEBCINE","100","MG","1","injectable","1/2","ML"
"412","3400931648543","NEBCINE 25 MG SOL INJ 1/2.5 ML","TOBRAMYCINE","J01GB01","NEBCINE","25","MG","1","injectable","1/2.5","ML"
"413","3400931648604","NEBCINE 75 MG SOL INJ 1/1.5 ML","TOBRAMYCINE","J01GB01","NEBCINE","75","MG","1","injectable","1/1.5","ML"
"414","3400930710067","NEO CODION AD SIROP 1/180 ML","CODEINE","R05DA04","NEO CODION AD SIROP","1","","1",NA,"1/180","ML"
"415","3400935308917","NORDITROPINE SIMPLEXX 10 MG INJ 1/1.5 ML","SOMATROPINE","H01AC01","NORDITROPINE SIMPLEXX","10","MG","1","injectable","1/1.5","ML"
"416","3400936267343","NORFLOXACINE MYL 400MG CPR 1/10 COMPR","NORFLOXACINE","J01MA06","NORFLOXACINE MYL","400","MG","1","forme orale","1/10","COMPR"
"417","3400937165327","NOVOMIX 70 FLEXPEN 300U/3ML STYLO 5/3 ML","INSULINE ASPARTE-PROTAMINE","A10AD05","NOVOMIX","70","FLEXPEN","1","injectable","5/3","ML"
"418","3400934840272","NOVONORM 0.5 MG CPR 6/15 COMPR","REPAGLINIDE","A10BX02","NOVONORM","0.5","MG","1","forme orale","6/15","COMPR"
"419","3400937166508","NOVONORM 1 MG CPR 1/90 COMPR","REPAGLINIDE","A10BX02","NOVONORM","1","MG","1","forme orale","1/90","COMPR"
"420","3400934840333","NOVONORM 1 MG CPR 6/15 COMPR","REPAGLINIDE","A10BX02","NOVONORM","1","MG","1","forme orale","6/15","COMPR"
"421","3400934840562","NOVONORM 2 MG CPR 6/15 COMPR","REPAGLINIDE","A10BX02","NOVONORM","2","MG","1","forme orale","6/15","COMPR"
"422","3400935259097","NOVORAPID 100 UI/ML SOL INJ FL 1/10 ML","INSULINE ASPARTE","A10AB05","NOVORAPID","100","UI","1","injectable","1/10","ML"
"423","3400935527400","NOVORAPID FLEXPEN 300 UI/3ML SOL INJ 5/3 ML","INSULINE ASPARTE","A10AB05","NOVORAPID FLEXPEN","300","UI","3","injectable","5/3","ML"
"424","9279966","NOXAFIL","POSACONAZOLE","J02AC04","NOXAFIL","40","MG/ML","1","forme orale",NA,NA
"425","3400936238428","OFLOXACINE ARW 200MG CPR 1/10 COMPR","OFLOXACINE","J01MA01","OFLOXACINE ARW","200","MG","1","forme orale","1/10","COMPR"
"426","3400936179882","OFLOXACINE BGA 200MG CPR 1/10 COMPR","OFLOXACINE","J01MA01","OFLOXACINE BGA","200","MG","1","forme orale","1/10","COMPR"
"427","3400936030879","OFLOXACINE MYL 200MG CPR 1/10 COMPR","OFLOXACINE","J01MA01","OFLOXACINE MYL","200","MG","1","forme orale","1/10","COMPR"
"428","3400936357792","OFLOXACINE RTP 200MG CPR  1/10 COMPR","OFLOXACINE","J01MA01","OFLOXACINE RTP","200","MG","1","forme orale","1/10","COMPR"
"429","3400939239521","OGASTORO 15MG CPR 1/14 COMPR","LANSOPRAZOLE","A02BC03","OGASTORO","15","MG","1","forme orale","1/14","COMPR"
"430","3400939239699","OGASTORO 15MG CPR 1/28 COMPR","LANSOPRAZOLE","A02BC03","OGASTORO","15","MG","1","forme orale","1/28","COMPR"
"431","3400939239811","OGASTORO 30MG CPR 1/14 COMPR","LANSOPRAZOLE","A02BC03","OGASTORO","30","MG","1","forme orale","1/14","COMPR"
"432","3400939239989","OGASTORO 30MG CPR 1/28 COMPR","LANSOPRAZOLE","A02BC03","OGASTORO","30","MG","1","forme orale","1/28","COMPR"
"433","3400949758791","OMEPRAZOLE ACF 20MG GELULE 1/28 GELUL","OMEPRAZOLE","A02BC01","OMEPRAZOLE ACF","20","MG","1","forme orale","1/28","GELUL"
"434","3400949763993","OMEPRAZOLE ALM 20MG GELULE 1/28 GELUL","OMEPRAZOLE","A02BC01","OMEPRAZOLE ALM","20","MG","1","forme orale","1/28","GELUL"
"435","3400936290235","OMEPRAZOLE ARROW GENERIQUES 20 MG 1 BOITE DE 28. G","OMEPRAZOLE","A02BC01","OMEPRAZOLE ARROW GENERIQUES","20","MG","1",NA,NA,NA
"436","3400936483743","OMEPRAZOLE BCR 20MG GELULE 1/28 GELUL","OMEPRAZOLE","A02BC01","OMEPRAZOLE BCR","20","MG","1","forme orale","1/28","GELUL"
"437","3400936668287","OMEPRAZOLE BGA 10MG GELULE 1/28 GELUL","OMEPRAZOLE","A02BC01","OMEPRAZOLE BGA","10","MG","1","forme orale","1/28","GELUL"
"438","3400936286214","OMEPRAZOLE BGA 20MG GELULE 1/28 GELUL","OMEPRAZOLE","A02BC01","OMEPRAZOLE BGA","20","MG","1","forme orale","1/28","GELUL"
"439","3400949765256","OMEPRAZOLE EGG 10MG GELULE 1/28 GELUL","OMEPRAZOLE","A02BC01","OMEPRAZOLE EGG","10","MG","1","forme orale","1/28","GELUL"
"440","3400949766666","OMEPRAZOLE EGG 20MG GELULE 1/28 GELUL","OMEPRAZOLE","A02BC01","OMEPRAZOLE EGG","20","MG","1","forme orale","1/28","GELUL"
"441","3400939816074","OMEPRAZOLE EVO 20MG GELULE 1/28 GELUL","OMEPRAZOLE","A02BC01","OMEPRAZOLE EVO","20","MG","1","forme orale","1/28","GELUL"
"442","3400936887411","OMEPRAZOLE ISM 20MG GELULE 1/28 GELUL","OMEPRAZOLE","A02BC01","OMEPRAZOLE ISM","20","MG","1","forme orale","1/28","GELUL"
"443","3400949769278","OMEPRAZOLE KRK 20MG GELULE 1/28 GELUL","OMEPRAZOLE","A02BC01","OMEPRAZOLE KRK","20","MG","1","forme orale","1/28","GELUL"
"444","3400936862746","OMEPRAZOLE MYP 10MG GELULE 1/28 GELUL","OMEPRAZOLE","A02BC01","OMEPRAZOLE MYP","10","MG","1","forme orale","1/28","GELUL"
"445","3400936282889","OMEPRAZOLE MYP 20MG GELULE 1/14 GELUL","OMEPRAZOLE","A02BC01","OMEPRAZOLE MYP","20","MG","1","forme orale","1/14","GELUL"
"446","3400936282940","OMEPRAZOLE MYP 20MG GELULE 1/28 GELUL","OMEPRAZOLE","A02BC01","OMEPRAZOLE MYP","20","MG","1","forme orale","1/28","GELUL"
"447","3400936282421","OMEPRAZOLE MYP 20MG GELULE 1/7 GELULE","OMEPRAZOLE","A02BC01","OMEPRAZOLE MYP","20","MG","1","forme orale","1/7","GELUL"
"448","3400926954086","OMEPRAZOLE RBX 20MG GELULE 1/14 GELUL","OMEPRAZOLE","A02BC01","OMEPRAZOLE RBX","20","MG","1","forme orale","1/14","GELUL"
"449","3400926954376","OMEPRAZOLE RBX 20MG GELULE 1/28 GELUL","OMEPRAZOLE","A02BC01","OMEPRAZOLE RBX","20","MG","1","forme orale","1/28","GELUL"
"450","3400936287914","OMEPRAZOLE RTO 20MG GELULE 1/28 GELUL","OMEPRAZOLE","A02BC01","OMEPRAZOLE RTO","20","MG","1","forme orale","1/28","GELUL"
"451","3400939541198","OMEPRAZOLE SDZ 10MG GELULE 1/28 GELUL","OMEPRAZOLE","A02BC01","OMEPRAZOLE SDZ","10","MG","1","forme orale","1/28","GELUL"
"452","3400939541549","OMEPRAZOLE SDZ 20MG GELULE 1/14 GELUL","OMEPRAZOLE","A02BC01","OMEPRAZOLE SDZ","20","MG","1","forme orale","1/14","GELUL"
"453","3400939541778","OMEPRAZOLE SDZ 20MG GELULE 1/28 GELUL","OMEPRAZOLE","A02BC01","OMEPRAZOLE SDZ","20","MG","1","forme orale","1/28","GELUL"
"454","3400949760053","OMEPRAZOLE TVS 10MG GELULE 1/28 GELUL","OMEPRAZOLE","A02BC01","OMEPRAZOLE TVS","10","MG","1","forme orale","1/28","GELUL"
"455","3400949761463","OMEPRAZOLE TVS 20MG GELULE 1/28 GELUL","OMEPRAZOLE","A02BC01","OMEPRAZOLE TVS","20","MG","1","forme orale","1/28","GELUL"
"456","3400936747562","OMEPRAZOLE ZEN 20MG GELULE 1/28 GELUL","OMEPRAZOLE","A02BC01","OMEPRAZOLE ZEN","20","MG","1","forme orale","1/28","GELUL"
"457","3400927817861","OMEPRAZOLE ZTL 10MG GELULE 1/14 GELUL","OMEPRAZOLE","A02BC01","OMEPRAZOLE ZTL","10","MG","1","forme orale","1/14","GELUL"
"458","3400927818172","OMEPRAZOLE ZTL 20MG GELULE 1/28 GELUL","OMEPRAZOLE","A02BC01","OMEPRAZOLE ZTL","20","MG","1","forme orale","1/28","GELUL"
"459","3400927846847","OMEPRAZOLE ZTL 20MG GELULE 1/7 GELULE","OMEPRAZOLE","A02BC01","OMEPRAZOLE ZTL","20","MG","1","forme orale","1/7","GELUL"
"460","3400927607615","OMEPRAZOLE ZYF 20MG GELULE 1/28 GELUL","OMEPRAZOLE","A02BC01","OMEPRAZOLE ZYF","20","MG","1","forme orale","1/28","GELUL"
"461","3400939982236","ONBREZ BREEZHALER 150MCG INH GELULE 3/10 GELUL","INDACATEROL","R03AC18","ONBREZ BREEZHALER","150","MICROG","1","doseur inhal","3/10","GELUL"
"462","3400939982526","ONBREZ BREEZHALER 300MCG INH GELULE 3/10 GELUL","INDACATEROL","R03AC18","ONBREZ BREEZHALER","300","MICROG","1","doseur inhal","3/10","GELUL"
"463","3400932902118","ORACEFAL 1 G CPR DISP 1/6 COMPRI","CEFADROXIL","J01DB05","ORACEFAL","1000","MG","1","forme orale","1/6","COMPR"
"464","3400931939337","ORBENINE 500MG GELULE 1/16 GELUL","CLOXACILLINE","J01CF02","ORBENINE","500","MG","1","forme orale","1/16","GELUL"
"465","3400939534794","ORDIPHA 500MG CPR 1/3 COMPRI","AZITHROMYCINE","J01FA10","ORDIPHA","500","MG","1","forme orale","1/3","COMPR"
"466","3400933314248","ORELOX 100MG CPR 1/10 COMPR","CEFPODOXIME","J01DD13","ORELOX","100","MG","1","forme orale","1/10","COMPR"
"467","3400933604080","ORELOX 40MG/5ML GRANULES 100ML 1/100 ML","CEFPODOXIME","J01DD13","ORELOX","40","MG","5","forme orale","1/100","ML"
"468","3400933603830","ORELOX 40MG/5ML GRANULES 50ML 1/50 ML","CEFPODOXIME","J01DD13","ORELOX","40","MG","5","forme orale","1/50","ML"
"469","3400935530240","ORGALUTRAN 0.25 MG SOL INJ 5/.5 ML","GANIRELIX","H01CC01","ORGALUTRAN","0.25","MG","1","injectable","5/.5","ML"
"470","9415903","ORKAMBI","LUMACAFTO/IVACAFTOR","R07AX30","ORKAMBI","200/125","MG","1","forme orale",NA,NA
"471","3400934428043","OROCAL VIT D3 500MG/400UI CPR 1/60 COMPR","CALCIUM EN ASSOCIATION AVEC D'AUTRES SUBSTANCES","A12AX","OROCAL VIT D3","500","MG","1","forme orale","1/60","COMPR"
"472","3400939517308","OROFLUCO 150 MG GELULE 1/1 GELULE","FLUCONAZOLE","J02AC01","OROFLUCO","150","MG","1","forme orale","1/1","GELUL"
"473","3400933589899","OROKEN 100MG/5ML ENF PDR ORALE 1/40 ML","CEFIXIME","J01DD08","OROKEN","100","MG","5","forme orale","1/40","ML"
"474","3400933589950","OROKEN 40MG/5ML NR PDR ORALE 1/40 ML","CEFIXIME","J01DD08","OROKEN","40","MG","5","forme orale","1/40","ML"
"475","3400941607981","PANTOPRAZOLE ACT 20MG CPR 1/14 COMPR","PANTOPRAZOLE","A02BC02","PANTOPRAZOLE ACT","20","MG","1","forme orale","1/14","COMPR"
"476","3400939322186","PANTOPRAZOLE BGA 20MG CPR 2/14 COMPR","PANTOPRAZOLE","A02BC02","PANTOPRAZOLE BGA","20","MG","1","forme orale","2/14","COMPR"
"477","3400939213385","PANTOPRAZOLE BGA 40MG CPR 2/14 COMPR","PANTOPRAZOLE","A02BC02","PANTOPRAZOLE BGA","40","MG","1","forme orale","2/14","COMPR"
"478","3400934705229","PANTOPRAZOLE ISM 20MG CPR 2/7 COMPRI","PANTOPRAZOLE","A02BC02","PANTOPRAZOLE ISM","20","MG","1","forme orale","2/7","COMPR"
"479","3400939320755","PANTOPRAZOLE MYP 20MG CPR 1/14 COMPR","PANTOPRAZOLE","A02BC02","PANTOPRAZOLE MYP","20","MG","1","forme orale","1/14","COMPR"
"480","3400939307749","PANTOPRAZOLE MYP 40MG CPR 1/28 COMPR","PANTOPRAZOLE","A02BC02","PANTOPRAZOLE MYP","40","MG","1","forme orale","1/28","COMPR"
"481","3400939524450","PANTOPRAZOLE RBX 20MG CPR 1/14 COMPR","PANTOPRAZOLE","A02BC02","PANTOPRAZOLE RBX","20","MG","1","forme orale","1/14","COMPR"
"482","3400938784305","PANTOPRAZOLE SDZ 20MG CPR 2/14 COMPR","PANTOPRAZOLE","A02BC02","PANTOPRAZOLE SDZ","20","MG","1","forme orale","2/14","COMPR"
"483","3400938785654","PANTOPRAZOLE SDZ 40MG CPR 1/28 COMPR","PANTOPRAZOLE","A02BC02","PANTOPRAZOLE SDZ","40","MG","1","forme orale","1/28","COMPR"
"484","3400949336517","PANTOPRAZOLE TVS 20MG CPR 1/28 COMPR","PANTOPRAZOLE","A02BC02","PANTOPRAZOLE TVS","20","MG","1","forme orale","1/28","COMPR"
"485","3400938781052","PANTOPRAZOLE ZEN 20MG CPR 1/28 COMPR","PANTOPRAZOLE","A02BC02","PANTOPRAZOLE ZEN","20","MG","1","forme orale","1/28","COMPR"
"486","3400938782462","PANTOPRAZOLE ZEN 40MG CPR 1/28 COMPR","PANTOPRAZOLE","A02BC02","PANTOPRAZOLE ZEN","40","MG","1","forme orale","1/28","COMPR"
"487","3400935674401","PARIET 10MG CPR 2/14 COMPR","RABEPRAZOLE","A02BC04","PARIET","10","MG","1","forme orale","2/14","COMPR"
"488","3400933551759","PHOSPHONEUROS SOL BUV FL 120ML 1/120 ML","AUTRES ELEMENTS MINERAUX","A12CX","PHOSPHONEUROS SOL BUV FL","120","ML","1",NA,"1/120","ML"
"489","3400935066169","POLERY ENF SIROP 1/125 ML","ASSOCIATIONS","R05DA20","POLERY ENF SIROP","1","","1",NA,"1/125","ML"
"490","3400934304392","POTASSIUM GLUCONATE H2 SIROP 250ML 1/250 ML","POTASSIUM GLUCONATE","A12BA05","POTASSIUM GLUCONATE H2 SIROP","250","ML","1",NA,"1/250","ML"
"491","3400935895882","PROGRAF 0.5 MG GELULE 1/50 GELUL","TACROLIMUS","L04AD02","PROGRAF","0.5","MG","1","forme orale","1/50","GELUL"
"492","3400935895714","PROGRAF 1 MG GELULE 5/10 GELUL","TACROLIMUS","L04AD02","PROGRAF","1","MG","1","forme orale","5/10","GELUL"
"493","3400933727130","PULMICORT 0.5MG/2ML SUSP INHAL 20/2 ML","BUDESONIDE","R03BA02","PULMICORT","0.5","MG","2","nebulisateur","20/2","ML"
"494","3400933735692","PULMICORT 1MG/2ML SUSP INHAL 20/2 ML","BUDESONIDE","R03BA02","PULMICORT","1","MG","2","nebulisateur","20/2","ML"
"495","3400933747879","PULMICORT TURBUHALER 400 MICROG PDR 1/100 DOSE","BUDESONIDE","R03BA02","PULMICORT TURBUHALER","400","MICROG","1","doseur inhal","1/100","DOSE"
"496","3400936467545","PULMOZYME 2.5MG/2.5ML SOL INHAL 30/2.5 ML","DORNASE ALFA (DESOXYRIBONUCLEASE)","R05CB13","PULMOZYME","2.5","MG","2.5","nebulisateur","30/2.5","ML"
"497","3400933937218","PYOSTACINE 250MG CPR 2/8 COMPRI","PRISTINAMYCINE","J01FG01","PYOSTACINE","250","MG","1","forme orale","2/8","COMPR"
"498","3400931358589","PYOSTACINE 500MG CPR 2/8 COMPRI","PRISTINAMYCINE","J01FG01","PYOSTACINE","500","MG","1","forme orale","2/8","COMPR"
"499","3400935160690","QVAR AUTOHALER 100 MICROG SOL INHAL 1/200 DOSE","BECLOMETASONE","R03BA01","QVAR AUTOHALER","100","MICROG","1","doseur inhal","1/200","DOSE"
"500","3400926661632","RABEPRAZOLE MYG 10MG CPR 1/28 COMPR","RABEPRAZOLE","A02BC04","RABEPRAZOLE MYG","10","MG","1","forme orale","1/28","COMPR"
"501","3400926663872","RABEPRAZOLE MYG 20MG CPR 1/28 COMPR","RABEPRAZOLE","A02BC04","RABEPRAZOLE MYG","20","MG","1","forme orale","1/28","COMPR"
"502","3400926817190","RABEPRAZOLE MYP 20MG CPR 1/28 COMPR","RABEPRAZOLE","A02BC04","RABEPRAZOLE MYP","20","MG","1","forme orale","1/28","COMPR"
"503","3400949702091","RABEPRAZOLE TEVA 20MG CPR 1/28 COMPR","RABEPRAZOLE","A02BC04","RABEPRAZOLE TEVA","20","MG","1","forme orale","1/28","COMPR"
"504","3400936028869","RANITIDINE TVC 75MG CPR EFF 1/28 COMPR","RANITIDINE","A02BA02","RANITIDINE TVC","75","MG","1","forme orale","1/28","COMPR"
"505","3400939975481","REPAGLINIDE MYP 0.5MG CPR 1/90 COMPR","REPAGLINIDE","A10BX02","REPAGLINIDE MYP","0.5","MG","1","forme orale","1/90","COMPR"
"506","3400939976723","REPAGLINIDE MYP 1MG CPR 1/90 COMPR","REPAGLINIDE","A10BX02","REPAGLINIDE MYP","1","MG","1","forme orale","1/90","COMPR"
"507","3400949278404","REPAGLINIDE SDZ 0.5MG CPR 1/90 COMPR","REPAGLINIDE","A10BX02","REPAGLINIDE SDZ","0.5","MG","1","forme orale","1/90","COMPR"
"508","3400949279524","REPAGLINIDE SDZ 1MG CPR 1/90 COMPR","REPAGLINIDE","A10BX02","REPAGLINIDE SDZ","1","MG","1","forme orale","1/90","COMPR"
"509","3400934628535","REPAGLINIDE TVC 1MG CPR 1/90 COMPR","REPAGLINIDE","A10BX02","REPAGLINIDE TVC","1","MG","1","forme orale","1/90","COMPR"
"510","3400939969749","REPAGLINIDE ZEN 1MG CPR 1/90 COMPR","REPAGLINIDE","A10BX02","REPAGLINIDE ZEN","1","MG","1","forme orale","1/90","COMPR"
"511","3400939970929","REPAGLINIDE ZEN 2MG CPR 1/90 COMPR","REPAGLINIDE","A10BX02","REPAGLINIDE ZEN","2","MG","1","forme orale","1/90","COMPR"
"512","3400931186762","RIFADINE 100 MG/5 ML SUSP BUV 1/120 ML","RIFAMPICINE","J04AB02","RIFADINE","100","MG","5","forme orale","1/120","ML"
"513","3400930915004","RIFADINE 300MG GELULE 1/30 GELUL","RIFAMPICINE","J04AB02","RIFADINE","300","MG","1","forme orale","1/30","GELUL"
"514","3400932167234","ROCGEL 1.2G/10ML SUSP BUV SACHET 24/11.6 G","ALUMINIUM HYDROXYDE.","A02AB01","ROCGEL","1200","MG","10","forme orale","24/11.6","G"
"515","3400936013612","ROVALCYTE 450MG CPR 1/60 COMPR","VALGANCICLOVIR","J05AB14","ROVALCYTE","450","MG","1","forme orale","1/60","COMPR"
"516","3400936125773","ROXITHROMYCINE BGA 150MG CPR 1/16 COMPR","ROXITHROMYCINE","J01FA06","ROXITHROMYCINE BGA","150","MG","1","forme orale","1/16","COMPR"
"517","3400936579538","SALBUTAMOL ARW 2.5MG/2.5ML INHAL 60/2.5 ML","SALBUTAMOL","R03AC02","SALBUTAMOL ARW","2.5","MG","2.5","nebulisateur","60/2.5","ML"
"518","3400936580138","SALBUTAMOL ARW 5MG/2.5ML INHAL 60/2.5 ML","SALBUTAMOL","R03AC02","SALBUTAMOL ARW","5","MG","2.5","nebulisateur","60/2.5","ML"
"519","3400936584389","SALBUTAMOL MYL 2.5MG/2.5ML INHAL 60/2.5 ML","SALBUTAMOL","R03AC02","SALBUTAMOL MYL","2.5","MG","2.5","nebulisateur","60/2.5","ML"
"520","3400936566460","SALBUTAMOL MYL 5MG/2.5ML INHAL 60/2.5 ML","SALBUTAMOL","R03AC02","SALBUTAMOL MYL","5","MG","2.5","nebulisateur","60/2.5","ML"
"521","3400935842664","SALBUTAMOL TVC 100MICROG SUSP INH 1/200 DOSE","SALBUTAMOL","R03AC02","SALBUTAMOL TVC","100","MICROG","1","doseur inhal","1/200","DOSE"
"522","3400938953688","SALBUTAMOL TVC 2.5MG/2.5ML INHAL 60/2.5 ML","SALBUTAMOL","R03AC02","SALBUTAMOL TVC","2.5","MG","2.5","nebulisateur","60/2.5","ML"
"523","3400938954111","SALBUTAMOL TVC 5MG/2.5ML INHAL 60/2.5 ML","SALBUTAMOL","R03AC02","SALBUTAMOL TVC","5","MG","2.5","nebulisateur","60/2.5","ML"
"524","3400926754983","SEEBRI BREEZ 44 MCG GELULE INH 30/1 GELUL","GLYCOPYRRONIUM BROMURE","R03BB06","SEEBRI BREEZ","44","MICROG","1","doseur inhal","30/1","GELUL"
"525","3400935658722","SERETIDE 125/25 MICROG SUSP INHAL 1/120 DOSE","SALMETEROL ET FLUTICASONE","R03AK06","SERETIDE","125"," MICROG","1","doseur inhal","125/25","MICROG"
"526","3400935658890","SERETIDE 250/25 MICROG SUSP INHAL 1/120 DOSE","SALMETEROL ET FLUTICASONE","R03AK06","SERETIDE","250"," MICROG","1","doseur inhal","250/25","MICROG"
"527","3400935658661","SERETIDE 50/25 MICROG SUSP INHAL 1/120 DOSE","SALMETEROL ET FLUTICASONE","R03AK06","SERETIDE","50"," MICROG","1","doseur inhal","50/25","MICROG"
"528","3400935459350","SERETIDE DISKUS 100/50 MICROG PDR 60 1/60 UNIDO","SALMETEROL ET FLUTICASONE","R03AK06","SERETIDE DISKUS","100"," MICROG","1","doseur inhal","100/50","MICROG"
"529","3400935459701","SERETIDE DISKUS 250/50 MICROG PDR 60 1/60 UNIDO","SALMETEROL ET FLUTICASONE","R03AK06","SERETIDE DISKUS","250"," MICROG","1","doseur inhal","250/50","MICROG"
"530","3400935473547","SERETIDE DISKUS 500/50 MICROG PDR 60 1/60 UNIDO","SALMETEROL ET FLUTICASONE","R03AK06","SERETIDE DISKUS","500"," MICROG","1","doseur inhal","500/50","MICROG"
"531","3400933457808","SEREVENT 25 MICROG SUSP INHAL 1/120 DOSE","SALMETEROL","R03AC12","SEREVENT","25","MICROG","1","doseur inhal","1/120","DOSE"
"532","3400933919467","SEREVENT DISKUS 50 MICROG PDR INHAL 1/60 GELUL","SALMETEROL","R03AC12","SEREVENT DISKUS","50","MICROG","1","doseur inhal","1/60","GELUL"
"533","3400934614118","SINGULAIR 10MG CPR 2/14 COMPR","MONTELUKAST","R03DC03","SINGULAIR","10","MG","1","forme orale","2/14","COMPR"
"534","3400939312361","SINGULAIR 4MG GRANULES 28/4 MG","MONTELUKAST","R03DC03","SINGULAIR","4","MG","1","forme orale","28/4","MG"
"535","3400934612855","SINGULAIR 5MG CPR 2/14 COMPR","MONTELUKAST","R03DC03","SINGULAIR","5","MG","1","forme orale","2/14","COMPR"
"536","3400921787719","SMOFKABIVEN E EMULS INJ POC 493ML 6/493 ML","ASSOCIATIONS","B05BA10","SMOFKABIVEN","493","ML","1",NA,"6/493","ML"
"537","3400935073433","SODIUM BIC CPF 1.4% SOL INJ FV 250ML 1/250 ML","SODIUM BICARBONATE","B05XA02","SODIUM BIC CPF","250","ML","1",NA,"1/250","ML"
"538","3400935073723","SODIUM BIC CPF 1.4% SOL INJ FV 500ML 1/500 ML","SODIUM BICARBONATE","B05XA02","SODIUM BIC CPF","500","ML","1",NA,"1/500","ML"
"539","3400930575031","SODIUM BIC LAV 1.4% INJ FV 250ML 1/250 ML","SODIUM BICARBONATE","B05XA02","SODIUM BIC LAV","250","ML","1",NA,"1/250","ML"
"540","3400930575260","SODIUM BIC LAV 1.4% INJ FV 500ML 1/500 ML","SODIUM BICARBONATE","B05XA02","SODIUM BIC LAV","500","ML","1",NA,"1/500","ML"
"541","3400936048850","SODIUM CHL BBM 0.9% INJ PE 100ML 1/100 ML","SODIUM CHLORURE","B05XA03","SODIUM CHL BBM","100","ML","1",NA,"1/100","ML"
"542","3400936049222","SODIUM CHL BBM 0.9% INJ PE 1L 1/1 L","SODIUM CHLORURE","B05XA03","SODIUM CHL BBM","1000","ML","1","injectable","1/1","L"
"543","3400936048911","SODIUM CHL BBM 0.9% INJ PE 250ML 1/250 ML","SODIUM CHLORURE","B05XA03","SODIUM CHL BBM","250","ML","1",NA,"1/250","ML"
"544","3400936049161","SODIUM CHL BBM 0.9% INJ PE 500ML 1/500 ML","SODIUM CHLORURE","B05XA03","SODIUM CHL BBM","500","ML","1",NA,"1/500","ML"
"545","3400933308735","SODIUM CHL BLZ 0.9% SOL INJ PO 100ML 1/100 ML","SODIUM CHLORURE","B05XA03","SODIUM CHL BLZ","100","ML","1",NA,"1/100","ML"
"546","3400932687435","SODIUM CHL BLZ 0.9% SOL INJ PO 1L 1/1 L","SODIUM CHLORURE","B05XA03","SODIUM CHL BLZ","1000","ML","1","injectable","1/1","L"
"547","3400933308674","SODIUM CHL BLZ 0.9% SOL INJ PO 250ML 1/250 ML","SODIUM CHLORURE","B05XA03","SODIUM CHL BLZ","250","ML","1",NA,"1/250","ML"
"548","3400932687374","SODIUM CHL BLZ 0.9% SOL INJ PO 500ML 1/500 ML","SODIUM CHLORURE","B05XA03","SODIUM CHL BLZ","500","ML","1",NA,"1/500","ML"
"549","3400933308964","SODIUM CHL BLZ 0.9% SOL INJ PO 50ML 1/50 ML","SODIUM CHLORURE","B05XA03","SODIUM CHL BLZ","50","ML","1",NA,"1/50","ML"
"550","3400935109545","SODIUM CHL CPF 0.9% SOL INJ FV 1L 1/1 L","SODIUM CHLORURE","B05XA03","SODIUM CHL CPF","1000","ML","1","injectable","1/1","L"
"551","3400935109484","SODIUM CHL CPF 0.9% SOL INJ FV 250ML 1/250 ML","SODIUM CHLORURE","B05XA03","SODIUM CHL CPF","250","ML","1",NA,"1/250","ML"
"552","3400935109774","SODIUM CHL CPF 0.9% SOL INJ FV 500ML 1/500 ML","SODIUM CHLORURE","B05XA03","SODIUM CHL CPF","500","ML","1",NA,"1/500","ML"
"553","3400936751293","SODIUM CHL FRF 0.9% INJ PO PSS 100ML 1/100 ML","SODIUM CHLORURE","B05XA03","SODIUM CHL FRF","100","ML","1",NA,"1/100","ML"
"554","3400936751354","SODIUM CHL FRF 0.9% INJ PO PSS 250ML 1/250 ML","SODIUM CHLORURE","B05XA03","SODIUM CHL FRF","250","ML","1",NA,"1/250","ML"
"555","3400936751125","SODIUM CHL FRF 0.9% INJ PO PSS 50ML 1/50 ML","SODIUM CHLORURE","B05XA03","SODIUM CHL FRF","50","ML","1",NA,"1/50","ML"
"556","3400930578452","SODIUM CHL LAV 0.9% SOL INJ FV 125ML 1/125 ML","SODIUM CHLORURE","B05XA03","SODIUM CHL LAV","125","ML","1",NA,"1/125","ML"
"557","3400930578391","SODIUM CHL LAV 0.9% SOL INJ FV 1L 1/1 L","SODIUM CHLORURE","B05XA03","SODIUM CHL LAV","1000","ML","1","injectable","1/1","L"
"558","3400930578971","SODIUM CHL LAV 0.9% SOL INJ FV 250ML 1/250 ML","SODIUM CHLORURE","B05XA03","SODIUM CHL LAV","250","ML","1",NA,"1/250","ML"
"559","3400930579404","SODIUM CHL LAV 0.9% SOL INJ FV 500ML 1/500 ML","SODIUM CHLORURE","B05XA03","SODIUM CHL LAV","500","ML","1",NA,"1/500","ML"
"560","3400935631527","SODIUM CHL MACO 0.9% INJ POC 100ML 1/100 ML","SODIUM CHLORURE","B05XA03","SODIUM CHL MACO","100","ML","1",NA,"1/100","ML"
"561","3400935631756","SODIUM CHL MACO 0.9% INJ POC 250ML 1/250 ML","SODIUM CHLORURE","B05XA03","SODIUM CHL MACO","250","ML","1",NA,"1/250","ML"
"562","3400935631466","SODIUM CHL MACO 0.9% INJ POC 50ML 1/50 ML","SODIUM CHLORURE","B05XA03","SODIUM CHL MACO","50","ML","1",NA,"1/50","ML"
"563","3400936713963","SPIRAM/METRO BGA 1.5MUI/250MG CPR 1/10 COMPR","SPIRAMYCINE EN ASSOCIATION AVEC AUTRES ANTIBACTERIENS","J01RA04","SPIRAM/METRO BGA","1500000","UI","1","forme orale","1/10","COMPR"
"564","3400936714274","SPIRAM/METRO MYL 1.5MUI/250MG CPR 1/10 COMPR","SPIRAMYCINE EN ASSOCIATION AVEC AUTRES ANTIBACTERIENS","J01RA04","SPIRAM/METRO MYL","1500000","UI","1","forme orale","1/10","COMPR"
"565","3400937634540","SPIRAMYCINE BGA 3MUI CPR 1/10 COMPR","SPIRAMYCINE","J01FA02","SPIRAMYCINE BGA","3e+06","UI","1","forme orale","1/10","COMPR"
"566","3400937634489","SPIRAMYCINE EG 3MUI CPR 1/16 COMPR","SPIRAMYCINE","J01FA02","SPIRAMYCINE EG","3e+06","UI","1","forme orale","1/16","COMPR"
"567","3400936869202","SPIRIVA 18 MICROG PDR INH EN GELULE 3/10 GELUL","TIOTROPIUM BROMURE","R03BB04","SPIRIVA","18","MICROG","1","doseur inhal","3/10","GELUL"
"568","3400938192032","SPIRIVA RESPIMAT 2.5MCG SOL PR INHAL 1/60 DOSE(","TIOTROPIUM BROMURE","R03BB04","SPIRIVA RESPIMAT","2.5","MICROG","1","doseur inhal","1/60","DOSE"
"569","3400933462888","SPORANOX 100MG GELULE 1/30 GELUL","ITRACONAZOLE","J02AC02","SPORANOX","100","MG","1","forme orale","1/30","GELUL"
"570","3400934502064","SPORANOX 10MG/ML SOL BUV 150ML 1/150 ML","ITRACONAZOLE","J02AC02","SPORANOX","10","MG","1","forme orale","1/150","ML"
"571","3400930998328","STEROGYL 15A 600 000UI/1.5ML SOL BUV 1/1.5 ML","ERGOCALCIFEROL","A11CC01","STEROGYL","15","A","1","forme orale","1/1.5","ML"
"572","3400930998557","STEROGYL 15H 600 000UI/1.5ML SOL INJ 1/1.5 ML","ERGOCALCIFEROL","A11CC01","STEROGYL","15","H","1","injectable","1/1.5","ML"
"573","3400930998267","STEROGYL 2MUI/100ML SOL BUV 1/20 ML","ERGOCALCIFEROL","A11CC01","STEROGYL","2e+06","UI","100","forme orale","1/20","ML"
"574","3400935658203","SYMBICORT TURBUHALER 100/6 MICROG 1/120 DOSE","FORMOTEROL ET BUDESONIDE","R03AK07","SYMBICORT TURBUHALER","100"," MICROG","1","doseur inhal","100/6","MICROG"
"575","3400935658432","SYMBICORT TURBUHALER 200/6 MICROG 1/120 DOSE","FORMOTEROL ET BUDESONIDE","R03AK07","SYMBICORT TURBUHALER","200"," MICROG","1","doseur inhal","200/6","MICROG"
"576","3400935997302","SYMBICORT TURBUHALER 400/12 MICROG 1/60 DOSE(","FORMOTEROL ET BUDESONIDE","R03AK07","SYMBICORT TURBUHALER","400"," MICROG","1","doseur inhal","400/12","MICROG"
"577","9213743","SYNAGIS","PALIVIZUMAB","J06BB16","SYNAGIS","100","MG","1","injectable",NA,NA
"578","9213766","SYNAGIS","PALIVIZUMAB","J06BB16","SYNAGIS","50","MG","1","injectable",NA,NA
"579","3400938711325","TADIM 1 MUI PDR ET SOL INH 30","COLISTINE","J01XB01","TADIM","1e+06","UI","1",NA,NA,NA
"580","3400938201529","TAMIFLU 30MG GELULE 1/10 GELUL","OSELTAMIVIR","J05AH02","TAMIFLU","30","MG","1","forme orale","1/10","GELUL"
"581","3400938201697","TAMIFLU 45MG GELULE 1/10 GELUL","OSELTAMIVIR","J05AH02","TAMIFLU","45","MG","1","forme orale","1/10","GELUL"
"582","3400922069067","TAMIFLU 6MG/ML PDR POUR SUSP BUV 13G 1/65 ML","OSELTAMIVIR","J05AH02","TAMIFLU","6","MG","1","forme orale","1/65","ML"
"583","3400935996299","TAMIFLU 75MG GELULE 1/10 GELUL","OSELTAMIVIR","J05AH02","TAMIFLU","75","MG","1","forme orale","1/10","GELUL"
"584","9125186","TARGOCID","TEICOPLANINE","J01XA02","TARGOCID","400","MG","1","injectable",NA,NA
"585","9125163","TARGOCID","TEICOPLANINE","J01XA02","TARGOCID","200","MG","1","injectable",NA,NA
"586","9125157","TARGOCID","TEICOPLANINE","J01XA02","TARGOCID","100","MG","1","injectable",NA,NA
"587","3400934965562","TAVANIC 500MG CPR 1/5 COMPRI","LEVOFLOXACINE","J01MA12","TAVANIC","500","MG","1","forme orale","1/5","COMPR"
"588","3400936579019","TERBUTALINE ARW 5MG/2ML SOL INHAL 50/2 ML","TERBUTALINE","R03AC03","TERBUTALINE ARW","5","MG","2","nebulisateur","50/2","ML"
"589","3400941987724","TERBUTALINE BGA 5MG/2ML SOL INHAL 50/2 ML","TERBUTALINE","R03AC03","TERBUTALINE BGA","5","MG","2","nebulisateur","50/2","ML"
"590","3400927381935","TERBUTALINE SDZ 5MG/2ML SOL INHAL 50/2 ML","TERBUTALINE","R03AC03","TERBUTALINE SDZ","5","MG","2","nebulisateur","50/2","ML"
"591","3400933564186","TEXODIL 200MG CPR 2/5 COMPRI","CEFOTIAM","J01DC07","TEXODIL","200","MG","1","forme orale","2/5","COMPR"
"592","3400931059233","THIOPHENICOL 250MG CPR 1/16 COMPR","THIAMPHENICOL","J01BA02","THIOPHENICOL","250","MG","1","forme orale","1/16","COMPR"
"593","3400938337006","TIENAM 500MG/500MG PDR PERF IV 1/1.15 G","IMIPENEME ET INHIBITEUR D'ENZYME","J01DH51","TIENAM","500","MG","1","injectable","1/1.15","G"
"594","3400936572324","TOBI 300MG/5ML SOL INHAL 56/5 ML","TOBRAMYCINE","J01GB01","TOBI","300","MG","5","nebulisateur","56/5","ML"
"595","3400949913299","TOBI PODHALER 28MG PDR GELU 4/56 GELUL","TOBRAMYCINE","J01GB01","TOBI PODHALER","28","MG","1","doseur inhal","4/56","GELUL"
"596","3400932645503","TOCO 500MG CAPSULE 3/10 CAPSU","TOCOPHEROL (VIT E)","A11HA03","TOCO","500","MG","1","forme orale","3/10","CAPS"
"597","3400934057144","TOCOLION 500MG CAPSULE 1/30 CAPSU","TOCOPHEROL (VIT E)","A11HA03","TOCOLION","500","MG","1","forme orale","1/30","CAPS"
"598","3400936145764","TOCOPHEROL TVC 500MG CAPSULE 1/30 CAPSU","TOCOPHEROL (VIT E)","A11HA03","TOCOPHEROL TVC","500","MG","1","forme orale","1/30","CAPS"
"599","3400934748271","TOLEXINE 100MG CPR 2/14 COMPR","DOXYCYCLINE","J01AA02","TOLEXINE","100","MG","1","forme orale","2/14","COMPR"
"600","3400933965303","TOLEXINE 50MG CPR 2/14 COMPR","DOXYCYCLINE","J01AA02","TOLEXINE","50","MG","1","forme orale","2/14","COMPR"
"601","3400934557415","TRIFLUCAN 100MG GELULE 1/7 GELULE","FLUCONAZOLE","J02AC01","TRIFLUCAN","100","MG","1","forme orale","1/7","GELUL"
"602","3400933055103","TRIFLUCAN 50MG GELULE 1/7 GELULE","FLUCONAZOLE","J02AC01","TRIFLUCAN","50","MG","1","forme orale","1/7","GELUL"
"603","3400937985994","TUSSIDANE 1.5MG/ML SOL BUV FL 250ML 1/250 ML","DEXTROMETHORPHANE","R05DA09","TUSSIDANE","1.5","MG","1","forme orale","1/250","ML"
"604","3400941558054","TUSSIDANE 30MG CPR 1/12 COMPR","DEXTROMETHORPHANE","R05DA09","TUSSIDANE","30","MG","1","forme orale","1/12","COMPR"
"605","3400927566479","ULTIBRO BREEZ.85MCG/43MCG GELULE 30/1 GELUL","INDACATEROL ET BROMURE DE GLYCOPYRRONIUM","R03AL04","ULTIBRO","85","MICROG","1","forme orale","30/1","GELUL"
"606","3400932340750","URSOLVAN 200MG GELULE 3/10 GELUL","URSODESOXYCHOLIQUE ACIDE","A05AA02","URSOLVAN","200","MG","1","forme orale","3/10","GELUL"
"607","3400933222185","UVEDOSE 2.5MG/2ML SOL BUV 1/2 ML","COLECALCIFEROL","A11CC05","UVEDOSE","2.5","MG","2","forme orale","1/2","ML"
"608","3400933208929","UVESTEROL D 1 500 U.I./ML 1 FLACON DE 20 ML AVEC M","ERGOCALCIFEROL","A11CC01","UVESTEROL","1500",NA,"1",NA,NA,NA
"609","3400927915727","UVESTEROL D 5000UI/1ML SOL BUV 1/10 ML","ERGOCALCIFEROL","A11CC01","UVESTEROL","5000","UI","1","forme orale","1/10","ML"
"610","3400938421361","VALACICLOVIR ARG 500MG CPR 1/10 COMPR","VALACICLOVIR","J05AB11","VALACICLOVIR ARG","500","MG","1","forme orale","1/10","COMPR"
"611","3400927580666","VALACICLOVIR ARW 500MG CPR 1/10 COMPR","VALACICLOVIR","J05AB11","VALACICLOVIR ARW","500","MG","1","forme orale","1/10","COMPR"
"612","3400938764482","VALACICLOVIR BGA 500MG CPR 1/10 COMPR","VALACICLOVIR","J05AB11","VALACICLOVIR BGA","500","MG","1","forme orale","1/10","COMPR"
"613","3400938764604","VALACICLOVIR BGA 500MG CPR 1/42 COMPR","VALACICLOVIR","J05AB11","VALACICLOVIR BGA","500","MG","1","forme orale","1/42","COMPR"
"614","3400939808901","VALACICLOVIR MYL 500MG CPR 1/10 COMPR","VALACICLOVIR","J05AB11","VALACICLOVIR MYL","500","MG","1","forme orale","1/10","COMPR"
"615","3400939809151","VALACICLOVIR MYL 500MG CPR 1/42 COMPR","VALACICLOVIR","J05AB11","VALACICLOVIR MYL","500","MG","1","forme orale","1/42","COMPR"
"616","3400939565033","VALACICLOVIR RBX 500MG CPR 1/10 COMPR","VALACICLOVIR","J05AB11","VALACICLOVIR RBX","500","MG","1","forme orale","1/10","COMPR"
"617","3400939565323","VALACICLOVIR RBX 500MG CPR 1/42 COMPR","VALACICLOVIR","J05AB11","VALACICLOVIR RBX","500","MG","1","forme orale","1/42","COMPR"
"618","3400938417920","VALACICLOVIR SDZ 500MG CPR 1/10 COMPR","VALACICLOVIR","J05AB11","VALACICLOVIR SDZ","500","MG","1","forme orale","1/10","COMPR"
"619","3400938603293","VALACICLOVIR TVC 500MG CPR 1/10 COMPR","VALACICLOVIR","J05AB11","VALACICLOVIR TVC","500","MG","1","forme orale","1/10","COMPR"
"620","3400938603583","VALACICLOVIR TVC 500MG CPR 1/42 COMPR","VALACICLOVIR","J05AB11","VALACICLOVIR TVC","500","MG","1","forme orale","1/42","COMPR"
"621","3400938765373","VALACICLOVIR ZEN 500MG CPR 1/10 COMPR","VALACICLOVIR","J05AB11","VALACICLOVIR ZEN","500","MG","1","forme orale","1/10","COMPR"
"622","9311664","VEDROP","TOCOFERSOLAN (TOCOPHEROL ALFA)","A11HA08","VEDROP","50","MG/ML","1","forme orale",NA,NA
"623","9311658","VEDROP","TOCOFERSOLAN (TOCOPHEROL ALFA)","A11HA08","VEDROP","50","MG/ML","1","forme orale",NA,NA
"624","3400936412194","VENTILASTIN NOVOLIZ 100MCG CART 1/200 DOSE","SALBUTAMOL","R03AC02","VENTILASTIN NOVOLIZ","100","MICROG","1","doseur inhal","1/200","DOSE"
"625","3400936412026","VENTILASTIN NOVOLIZ 100MCG CART+INH 1/200 DOSE","SALBUTAMOL","R03AC02","VENTILASTIN NOVOLIZ","100","MICROG","1","doseur inhal","1/200","DOSE"
"626","3400936578067","VENTOLINE 1.25MG/2.5ML SOL INHAL 20/2.5 ML","SALBUTAMOL","R03AC02","VENTOLINE","1.25","MG","2.5","nebulisateur","20/2.5","ML"
"627","3400934438738","VENTOLINE 100 MICROGRAMMES SUSP INH 1/200 DOSE","SALBUTAMOL","R03AC02","VENTOLINE","100","MICROG","1","doseur inhal","1/200","DOSE"
"628","3400935320742","VENTOLINE 2.5MG/2.5ML SOL INHAL 20/2.5 ML","SALBUTAMOL","R03AC02","VENTOLINE","2.5","MG","2.5","nebulisateur","20/2.5","ML"
"629","3400935321114","VENTOLINE 5MG/2.5ML SOL INHAL 20/2.5 ML","SALBUTAMOL","R03AC02","VENTOLINE","5","MG","2.5","nebulisateur","20/2.5","ML"
"630","9240131","VFEND 200MG CPR 1/56 COMPR","VORICONAZOLE","J02AC03","VFEND","200","MG","1","forme orale","1/56","COMPR"
"631","3400935929235","VFEND 200MG CPR 1/56 COMPR","VORICONAZOLE","J02AC03","VFEND","200","MG","1","forme orale","1/56","COMPR"
"632","9261788","VFEND 40MG/ML PDR ORALE FL 1/45 G","VORICONAZOLE","J02AC03","VFEND","40","MG","1","forme orale","1/45","G"
"633","9240148","VFEND 50MG CPR 1/56 COMPR","VORICONAZOLE","J02AC03","VFEND","50","MG","1","forme orale","1/56","COMPR"
"634","3400935928924","VFEND 50MG CPR 1/56 COMPR","VORICONAZOLE","J02AC03","VFEND","50","MG","1","forme orale","1/56","COMPR"
"635","3400935653178","VITAMINE A NEP 100 000 UI SOL INJ 6/2 ML","RETINOL (VIT A)","A11CA01","VITAMINE","100000","UI","1","injectable","6/2","ML"
"636","3400931132134","VITAMINE D3 BON 200 000 UI/1 ML INJ 1/1 ML","COLECALCIFEROL","A11CC05","VITAMINE D3 BON","200000","UI","1","injectable","1/1","ML"
"637","3400934075643","VITAMINE E MYL 500MG CAPSULE 2/15 CAPSU","TOCOPHEROL (VIT E)","A11HA03","VITAMINE","500","MG","1","forme orale","2/15","CAPS"
"638","3400936882676","VITAMINE E SDZ 500MG CAPSULE 2/15 CAPSU","TOCOPHEROL (VIT E)","A11HA03","VITAMINE","500","MG","1","forme orale","2/15","CAPS"
"639","3400934830228","VITAMINE K1 ROCHE 10MG/1ML SOL 3/1 ML","PHYTOMENADIONE","B02BA01","VITAMINE K1 ROCHE","10","MG","1","forme orale","3/1","ML"
"640","3400934864636","VITAMINE K1 ROCHE 2MG/0.2ML NR SOL 5/.2 ML","PHYTOMENADIONE","B02BA01","VITAMINE K1 ROCHE","2","MG","0.2","forme orale","5/.2","ML"
"641","3400939212494","XOLAIR 150 MG SOL INJ SER 1/1 ML","OMALIZUMAB","R03DX05","XOLAIR","150","MG","1","injectable","1/1","ML"
"642","3400939212265","XOLAIR 75 MG SOL INJ SER 1/1 ML","OMALIZUMAB","R03DX05","XOLAIR","75","MG","1","injectable","1/1","ML"
"643","3400933844493","ZELITREX 500MG CPR 1/42 COMPR","VALACICLOVIR","J05AB11","ZELITREX","500","MG","1","forme orale","1/42","COMPR"
"644","3400933121488","ZINNAT 250MG CPR 1/8 COMPRI","CEFUROXIME","J01DC02","ZINNAT","250","MG","1","forme orale","1/8","COMPR"
"645","3400935177322","ZITHROMAX 250MG CPR 1/6 COMPRI","AZITHROMYCINE","J01FA10","ZITHROMAX","250","MG","1","forme orale","1/6","COMPR"
"646","3400935656421","ZITHROMAX 40MG/ML PDR ORALE 29.3G 1/30 ML","AZITHROMYCINE","J01FA10","ZITHROMAX","40","MG","1","forme orale","1/30","ML"
"647","3400935656599","ZITHROMAX 40MG/ML PDR ORALE 35.6G 1/37.5 ML","AZITHROMYCINE","J01FA10","ZITHROMAX","40","MG","1","forme orale","1/37.5","ML"
"648","3400933411381","ZOVIRAX 200MG/5ML SUSP BUV 125ML 1/125 ML","ACICLOVIR","J05AB01","ZOVIRAX","200","MG","5","forme orale","1/125","ML"
"649","3400935358363","ZYMAD 10000UI/ML SOL BUV GOUTTES 1/10 ML","COLECALCIFEROL","A11CC05","ZYMAD","10000","UI","1","forme orale","1/10","ML"
"650","3400935849649","ZYMAD 200000UI SOL BUV AMP 1/2 ML","COLECALCIFEROL","A11CC05","ZYMAD","200000","UI","1","forme orale","1/2","ML"
"651","3400935358134","ZYMAD 80000UI SOL BUV AMP 1/2 ML","COLECALCIFEROL","A11CC05","ZYMAD","80000","UI","1","forme orale","1/2","ML"
"652","9233533","ZYVOXID","LINEZOLIDE","J01XX08","ZYVOXID","600","MG","1","forme orale",NA,NA
